S4B8,70;18;53;70;39;37;77;78;5;94;94;30;7;12;43;78;25;89;43;29
QUI1,56;36;63;28;40;13;96;30;87;15;65;11;19;53;6;99;27;39;44;47
QG4D,22;27;91;38;59;31;24;13;68;27;52;79;92;36;44;68;73;41;26;44
Q52U,94;56;20;92;92;76;62;76;20;40;37;11;82;88;13;95;88;98;28;56
RD66,53;48;95;40;23;35;9;69;34;55;56;68;24;36;87;37;5;9;24;94
SUD1,17;95;24;73;47;65;72;25;61;96;55;65;82;82;26;80;15;77;46;50
SEU9,55;89;50;62;61;44;29;37;22;92;66;43;47;57;56;79;92;49;31;34
F803,59;47;55;90;81;64;88;36;3;33;15;39;54;10;76;88;87;14;15;50
RNT8,94;36;93;91;90;84;80;10;63;56;48;58;20;24;73;65;41;31;37;56
DUS0,38;12;8;68;19;12;98;30;65;10;87;25;1;98;35;11;75;11;20;9
M63X,64;76;53;34;81;77;89;35;61;24;41;25;94;25;24;92;67;0;18;25
KOEV,48;62;28;95;76;62;17;68;21;12;35;36;97;3;27;50;29;81;54;34
TFRN,83;40;43;63;82;39;73;92;48;24;90;4;20;28;64;33;2;56;73;95
M46E,82;7;74;79;51;28;61;78;38;23;0;61;14;96;98;47;22;19;69;87
FPQL,11;49;55;45;11;31;10;41;3;21;91;47;36;29;29;58;42;97;7;9
WNG1,69;73;89;29;32;33;97;17;56;64;13;36;88;12;90;67;49;35;18;65
M9O5,99;81;54;47;84;54;93;23;54;88;95;50;14;59;76;27;15;36;74;45
WAW1,0;5;65;7;57;41;24;91;5;73;17;18;85;81;53;38;54;9;56;64
MC4D,52;91;89;47;11;2;45;48;21;69;85;44;9;68;47;24;7;42;46;69
KQ7J,29;87;26;35;15;28;68;46;34;33;11;39;25;58;21;37;66;40;37;74
MNXJ,94;87;38;68;62;61;42;54;64;28;34;54;55;78;81;83;40;20;29;40
VHUC,85;95;55;75;78;93;11;58;26;66;77;1;34;65;49;40;56;38;82;91
BCS4,63;53;86;9;68;30;16;45;37;62;11;94;32;82;53;88;76;30;17;87
F0LQ,73;10;50;92;62;72;59;4;72;18;66;56;16;61;28;91;71;57;44;74
JHX4,2;38;28;77;28;95;63;93;4;73;92;81;64;34;38;70;39;80;71;3
LLW4,95;9;19;2;7;42;50;39;78;95;46;55;88;42;12;27;63;37;23;11
TF9U,50;0;6;41;97;79;52;40;82;59;19;39;79;27;87;86;61;61;89;72
LCTZ,37;50;57;16;47;9;78;41;63;29;3;91;90;87;48;99;94;2;51;25
V8NC,53;24;24;93;1;82;56;89;89;9;45;93;43;15;51;13;43;81;92;45
YVSU,66;38;74;50;90;6;56;97;40;57;51;49;96;82;95;98;75;89;35;55
QAJX,42;62;46;47;37;41;30;23;20;53;32;35;25;53;51;39;34;46;52;40
WM9N,24;92;76;26;92;92;61;59;67;57;66;67;62;50;56;69;7;87;78;58
MYHY,17;75;37;53;44;33;80;11;45;84;77;95;97;91;76;43;97;57;32;8
BWLO,87;75;81;99;77;48;58;13;46;9;66;71;19;56;24;30;43;93;1;34
K9NW,3;33;14;31;16;68;48;71;68;79;95;9;14;42;80;41;83;29;6;74
LNW7,77;96;7;0;57;80;23;63;39;19;8;12;10;68;64;33;22;57;11;34
PBA8,31;41;39;88;85;65;58;26;98;62;79;40;49;68;56;25;0;34;0;42
KRUZ,22;13;19;89;12;1;32;15;54;54;41;85;13;51;61;14;69;43;5;32
Q3DX,83;11;44;94;1;85;88;42;32;68;27;0;27;59;90;11;11;89;44;88
VSK4,36;20;33;91;36;77;30;78;34;4;70;84;12;30;79;5;92;76;80;88
KQZW,1;49;22;40;71;74;3;4;18;47;88;71;9;79;58;20;16;50;54;87
WC6J,72;13;42;2;20;69;66;98;53;97;91;82;41;90;68;81;73;97;38;19
HCZ0,95;32;14;86;28;90;90;51;92;4;86;68;3;11;85;74;57;6;63;4
LDNO,49;49;24;45;69;54;0;80;19;50;32;94;77;14;16;18;55;33;75;93
J7NQ,0;238;0;0;511;0;370;192;0;309;0;0;0;314;219;279;0;323;238;0
MCGB,8;37;92;12;78;34;0;24;9;61;99;21;6;90;39;43;93;88;63;71
WG18,74;8;24;23;5;55;34;60;16;92;29;79;17;19;58;75;12;37;9;91
Q9BZ,38;55;93;19;21;60;42;50;89;20;36;3;12;22;30;95;31;1;89;60
O6LQ,69;8;79;27;7;18;37;37;55;99;99;81;54;87;72;1;72;34;55;53
NMYY,33;20;10;40;27;38;60;63;86;86;30;54;51;74;62;89;62;47;76;72
PWYU,71;57;27;39;0;68;18;62;74;62;99;21;41;30;31;23;7;36;30;27
QHYJ,55;14;81;64;1;29;67;99;48;30;0;37;98;55;57;40;67;42;41;75
G2I2,44;20;49;64;8;3;64;42;76;64;58;50;2;37;25;5;80;28;61;53
GJSO,67;57;41;62;61;3;71;87;18;44;62;87;68;93;50;80;84;51;71;14
Z05F,19;92;4;5;45;63;92;22;82;62;38;68;92;78;72;95;12;22;92;2
PTS1,80;83;29;64;48;94;84;70;66;76;1;20;48;60;15;20;46;49;39;41
LU0Q,69;96;21;16;42;43;37;51;24;62;98;50;88;18;22;72;51;42;6;94
Z2EN,52;39;7;4;25;93;27;78;47;24;68;57;5;48;87;55;4;8;56;32
U1V2,35;5;98;41;29;45;54;38;16;36;62;59;50;38;90;87;64;36;89;80
GV7X,30;89;76;51;9;73;4;83;23;87;46;45;7;43;34;62;12;24;30;50
Q243,23;52;86;17;35;30;51;80;30;95;98;5;3;16;62;13;72;51;0;12
LWJC,22;3;77;40;63;20;57;93;60;70;66;7;42;68;94;5;52;11;42;53
JZWY,88;47;2;51;64;92;77;35;79;96;44;6;81;82;32;20;89;10;93;44
WMAR,27;22;60;57;32;39;36;47;98;67;69;20;34;60;95;48;67;66;66;59
QT1K,67;85;69;82;68;41;79;18;98;41;82;42;46;64;92;69;54;45;42;90
SU6H,40;22;86;37;65;27;63;52;74;74;91;65;24;38;73;12;32;76;2;3
GSC4,10;42;23;87;3;82;55;83;75;34;11;0;38;22;71;0;39;94;3;35
E7NU,32;67;15;54;8;23;79;39;79;4;9;2;12;17;30;12;54;17;90;29
VVMK,48;86;26;46;13;81;59;50;68;30;32;57;41;70;70;42;36;90;21;76
P182,41;17;36;19;9;78;65;48;66;49;25;14;90;48;33;9;69;36;52;5
XIL0,6;59;89;12;55;2;38;81;95;51;25;19;74;1;93;67;13;61;29;9
XBOR,17;16;66;33;46;50;47;46;96;24;95;12;60;95;94;17;81;7;81;95
D0H9,74;73;29;30;42;62;84;11;14;65;75;57;69;77;12;83;12;46;64;73
IV3Q,66;49;14;32;93;73;31;35;91;96;27;44;14;75;44;93;46;21;12;80
W9S9,2;24;99;41;9;84;50;80;15;4;61;58;86;2;5;95;69;17;86;4
L6XU,47;72;24;29;99;33;17;56;78;82;58;13;1;3;72;95;8;72;55;94
O67S,10;83;37;0;97;74;75;88;82;11;53;73;86;35;60;30;7;35;62;78
UQ7Y,57;90;98;76;53;80;59;52;84;2;86;64;42;53;83;9;5;43;41;93
M0JS,94;65;75;84;42;27;1;33;54;99;20;92;93;62;86;94;80;73;48;73
FQ3L,27;8;84;67;55;79;11;81;23;45;51;10;97;60;49;19;84;24;65;37
R26Y,46;71;38;1;89;72;12;81;52;97;2;49;57;11;99;59;41;75;98;64
NMF3,48;26;11;92;63;22;16;55;83;1;43;55;37;56;17;13;77;12;33;87
HDFQ,98;47;75;93;17;95;35;3;53;86;95;93;28;29;94;64;64;41;70;19
M2PO,69;96;76;62;27;30;11;56;98;95;47;51;47;83;78;56;67;3;42;28
T0IN,15;28;43;28;97;36;91;45;79;37;48;79;98;35;28;91;76;80;60;64
QI5Q,69;91;18;87;13;19;75;73;82;0;8;14;24;56;98;58;42;82;14;91
E1VO,58;92;73;87;57;61;43;98;11;98;26;51;85;53;2;55;48;10;20;68
WOZX,11;17;93;76;23;80;91;21;51;31;72;46;19;55;74;65;10;9;63;43
YA41,1;29;57;37;87;90;53;32;44;70;56;10;19;83;24;14;74;10;94;70
QNUD,58;74;90;55;55;73;75;32;23;38;61;66;6;1;45;94;25;88;91;49
KNP8,40;72;57;20;1;38;55;6;12;44;97;14;68;63;79;97;25;55;22;83
DIGN,26;98;5;12;56;86;7;55;76;29;23;27;10;6;82;77;13;81;3;33
HPX4,39;6;9;25;91;23;32;69;46;1;42;62;2;15;84;91;44;41;70;76
PKMX,23;84;47;4;34;29;87;23;82;39;14;66;90;44;94;58;22;78;85;42
AUBS,34;49;60;77;14;99;39;55;63;29;68;58;69;5;8;98;66;12;40;32
RVGY,22;41;79;58;89;24;69;74;95;10;40;49;48;88;69;65;49;97;19;10
M1Z9,84;90;55;81;69;12;74;5;39;54;10;27;46;83;86;57;19;52;14;0
RIDQ,62;82;75;59;29;69;45;13;88;25;30;93;92;42;83;47;73;3;6;80
F67F,6;25;48;2;76;61;92;33;36;6;7;78;60;75;41;61;68;51;5;43
PWFE,25;84;63;89;81;36;44;20;88;28;16;40;25;36;90;46;46;44;27;22
C2R8,50;78;5;6;91;51;6;54;3;67;73;90;27;94;24;67;58;75;21;54
FDGR,68;96;84;73;97;99;23;56;5;16;84;19;25;5;43;6;84;62;56;53
K573,91;2;67;75;2;26;56;78;21;14;55;0;91;62;11;98;57;21;1;69
XWVI,55;2;66;10;60;35;6;37;56;67;11;64;99;25;19;52;83;92;40;44
PUMG,72;45;20;26;59;40;69;45;32;64;59;60;62;23;32;37;48;41;15;59
DG4X,94;37;51;38;44;92;10;7;73;89;20;85;57;80;26;84;34;68;13;25
KVUR,97;52;88;54;61;20;75;43;4;89;29;44;52;31;83;54;40;26;52;91
P8KF,25;44;56;84;14;91;70;73;90;22;80;4;11;72;14;30;90;77;52;38
OB5S,58;17;73;85;95;9;91;29;29;34;38;28;89;99;21;8;21;54;66;91
IPQ6,4;82;87;81;58;31;3;1;48;88;19;10;62;80;82;25;41;24;4;22
KJQJ,50;53;88;0;77;34;99;40;84;48;97;34;26;73;26;23;15;99;11;74
WAPJ,12;70;9;38;65;41;67;16;41;78;31;56;94;13;66;93;4;36;59;26
FW16,31;36;74;67;43;41;40;34;57;68;59;70;50;52;90;26;51;63;63;51
LKBC,92;5;37;48;6;64;13;86;71;8;54;97;92;94;62;79;46;98;64;99
Z3FC,72;18;23;46;62;39;32;47;19;69;27;17;23;39;57;65;32;34;87;87
U0JK,77;86;1;6;99;99;89;37;83;23;82;6;6;66;1;47;33;49;85;61
IZ0C,75;67;88;96;66;41;50;42;8;49;12;93;38;74;92;77;10;34;49;41
HAZI,93;57;39;55;40;61;41;59;77;0;6;10;17;85;85;11;32;19;21;9
INEA,77;91;38;11;75;36;88;7;90;13;80;19;49;22;81;72;39;63;2;86
AJNY,47;18;11;23;1;2;31;98;2;9;56;3;90;76;91;45;26;93;60;84
TGQ3,23;24;2;63;39;25;31;63;50;47;27;61;43;31;35;13;35;69;48;40
VMNM,61;1;92;79;17;19;41;27;82;83;99;25;79;81;80;30;0;28;98;49
UJKW,84;96;78;38;43;93;94;54;22;76;89;73;35;4;70;15;46;11;94;10
TBKG,20;86;45;13;68;81;97;79;13;58;97;56;71;9;97;47;44;30;95;54
W736,57;9;4;73;84;10;32;8;3;70;27;15;30;26;37;17;73;11;58;45
IQS0,51;81;68;20;31;23;80;69;67;25;54;49;56;18;58;86;24;64;22;83
WODP,70;47;78;55;70;49;46;85;97;60;99;55;66;56;11;86;48;32;87;10
VCPF,11;50;97;31;45;39;16;80;3;83;84;23;24;72;5;16;66;18;30;64
CG3J,15;59;10;62;8;93;5;78;85;70;83;91;48;31;51;7;28;10;5;66
U7ZU,37;25;17;88;17;24;99;13;17;14;95;32;64;58;13;78;55;12;6;16
IF3O,26;44;76;64;37;70;74;64;65;37;53;26;94;21;43;7;18;43;14;23
RJJ7,46;65;46;63;31;1;39;77;58;50;32;14;49;34;33;73;56;31;51;42
T17B,15;68;13;93;57;91;72;49;89;77;22;13;33;45;61;75;61;98;10;79
KSIQ,84;93;64;7;68;35;69;62;61;10;53;51;35;81;50;29;70;60;41;22
M2OW,18;62;51;50;21;3;25;48;92;93;61;11;70;11;83;91;98;56;98;14
SEJ8,71;91;41;35;7;74;25;1;50;95;16;89;68;60;67;90;5;86;43;49
CL1A,98;41;39;37;37;6;53;32;94;78;76;41;23;56;13;25;49;91;54;23
QRC2,32;15;12;99;36;13;92;18;24;57;51;55;70;32;95;51;18;69;91;85
L7IT,44;49;27;60;92;37;74;88;57;42;37;82;43;51;18;25;17;94;75;36
MTKC,26;0;25;37;27;58;55;7;16;35;37;58;94;53;92;10;39;77;1;15
DRIU,61;8;67;66;95;67;37;70;69;52;87;3;68;41;94;1;86;51;0;57
YVUU,51;70;8;38;83;70;45;15;8;22;10;22;48;3;40;55;49;79;46;49
FQ6I,8;4;19;74;38;78;28;85;52;39;1;49;63;43;50;71;2;93;13;31
JZ1S,88;2;78;88;62;0;73;88;18;67;81;44;16;17;35;56;94;61;54;47
EGJA,18;49;59;43;55;81;81;40;98;77;6;98;38;8;76;44;22;51;80;77
K8NM,27;65;55;36;33;44;90;80;23;14;27;87;10;95;81;19;85;63;30;49
BK09,8;72;42;93;47;58;39;55;30;88;85;14;98;64;5;77;70;40;48;9
BI6C,3;96;5;63;79;19;74;68;69;18;41;68;1;99;51;18;92;24;5;60
EEO5,5;63;55;81;37;9;48;40;0;24;14;49;47;33;25;14;4;54;87;27
T3YF,97;26;67;36;45;7;51;74;59;88;84;26;23;52;35;12;39;81;43;7
ARSR,88;69;99;8;76;67;79;49;60;52;67;28;14;48;24;52;58;31;89;67
CW9L,24;62;35;68;62;25;65;82;67;43;1;57;50;30;37;39;66;44;91;21
AZ3S,36;36;96;70;75;43;6;11;91;14;33;38;12;5;89;1;62;67;92;32
KVQ3,59;6;11;31;39;53;94;77;40;40;48;79;28;54;88;87;55;78;4;12
X91U,45;23;65;92;59;36;7;65;70;56;14;3;82;0;61;22;59;99;89;1
OURJ,3;78;53;84;35;71;17;80;90;45;82;53;40;19;43;37;8;81;38;69
VDN5,80;43;24;27;43;32;55;50;35;76;23;44;10;81;52;29;2;90;44;48
GBLU,97;94;83;88;6;13;64;86;16;62;93;20;53;84;96;9;21;65;5;5
XQNM,36;56;73;45;83;11;60;62;67;42;56;82;75;50;26;21;36;98;45;34
XPIH,51;62;48;74;94;39;43;8;74;43;1;38;49;36;43;80;72;37;86;14
RMYD,68;16;52;68;91;12;47;63;79;15;91;77;13;38;36;9;87;96;37;8
G0PA,3;28;36;4;11;26;5;56;92;22;46;38;56;84;6;84;24;85;12;8
LUSN,53;82;73;37;58;28;71;76;87;6;63;6;23;15;47;94;5;51;67;84
CG6A,21;35;23;63;16;49;50;99;95;91;7;87;26;35;25;14;6;61;92;54
G61O,92;1;77;21;82;78;16;33;94;39;83;68;94;41;12;32;42;52;30;7
W7XX,7;28;22;79;90;43;79;71;38;2;0;16;93;87;87;99;77;69;76;42
SEKB,38;13;90;38;14;55;66;64;69;61;71;82;91;97;13;77;29;49;43;43
T8PB,96;81;71;82;91;49;28;92;83;1;43;61;46;12;24;74;40;12;13;53
PGV1,74;10;70;40;71;11;40;55;22;45;70;78;43;18;9;63;13;44;28;57
DWG6,16;79;48;99;98;41;39;25;67;95;79;70;48;82;4;47;32;62;35;83
Y94P,52;52;66;62;73;5;74;9;53;56;82;92;23;64;88;61;2;11;24;96
DFJE,53;85;83;94;41;49;1;23;44;85;62;27;79;32;34;78;34;72;93;23
DVSA,30;19;52;15;89;8;88;43;69;46;36;19;94;37;93;19;20;41;54;26
H7JN,11;60;35;36;49;54;15;31;91;23;22;38;36;8;79;92;48;48;34;54
CFIL,63;24;24;35;29;36;22;2;5;18;2;87;37;70;90;59;2;7;25;85
S0U8,49;83;52;9;83;85;76;87;47;11;63;0;98;69;99;28;6;41;44;16
MG12,78;64;51;96;14;34;36;62;96;81;89;47;45;79;19;10;31;8;63;61
Z5PE,35;35;56;61;30;76;81;74;89;39;29;39;48;53;36;2;37;11;86;64
P47I,28;34;8;2;23;56;98;37;39;79;31;49;9;95;99;92;5;9;29;63
P7GV,25;87;2;97;86;23;23;72;13;84;16;72;30;4;34;35;98;92;98;70
EICR,84;37;42;51;67;8;71;21;4;9;28;8;92;71;22;57;21;59;0;39
K11T,99;69;77;76;15;79;78;44;36;97;62;89;8;11;19;26;33;56;37;49
XMKZ,22;3;54;0;14;34;31;62;60;20;55;2;31;85;25;47;59;4;24;2
SGNY,94;24;56;45;5;78;99;79;45;71;46;85;47;81;27;61;13;64;57;3
EOSX,81;38;27;64;21;70;42;88;29;93;62;21;32;8;36;26;63;58;23;11
RTVX,19;70;14;96;59;69;83;43;96;72;10;35;58;83;42;50;0;11;22;67
AHXR,62;74;81;80;54;8;59;12;7;39;61;40;26;88;66;26;94;69;50;99
D97H,65;61;56;47;42;51;53;73;53;69;73;36;32;67;62;37;16;65;43;50
MG2V,48;44;43;10;80;43;41;12;78;86;97;88;85;0;34;83;2;9;82;31
DU06,55;93;12;43;42;36;45;25;17;59;5;86;97;22;54;44;56;6;71;68
KWD0,47;78;54;51;52;77;31;73;0;51;71;43;83;62;89;49;25;9;51;2
TCOH,58;24;49;56;42;80;81;12;97;97;27;56;17;64;51;21;65;56;18;77
GSC2,92;26;68;67;9;23;66;13;81;84;63;52;21;67;77;19;35;23;72;64
EQI8,18;94;17;78;45;4;94;41;35;73;90;66;68;3;32;39;42;3;55;14
FHPS,42;57;99;72;83;82;67;1;2;88;38;45;46;50;60;9;63;18;4;71
R3YI,18;96;32;99;48;57;2;45;33;9;0;85;84;19;54;28;18;22;52;54
MP48,64;30;61;4;29;68;55;92;30;82;80;45;81;48;39;57;75;53;24;21
OR8K,5;17;8;73;36;3;99;93;8;53;38;60;68;30;62;70;5;48;94;93
PPON,48;78;90;22;87;15;58;19;46;10;79;25;59;15;72;2;27;46;28;85
UV1Q,20;5;83;80;83;45;68;22;47;36;88;39;32;46;10;11;51;21;11;18
AC62,27;5;5;71;42;26;5;82;6;61;29;38;44;80;60;92;22;61;91;93
IRSG,77;22;8;78;11;94;74;78;21;23;67;28;14;77;30;54;64;60;71;77
YD70,42;48;68;16;17;37;76;85;59;86;74;69;35;2;8;46;44;59;54;82
HQ5W,59;47;51;61;42;74;13;74;40;98;0;69;48;3;29;8;5;30;42;56
VKLZ,89;76;40;58;28;68;91;46;81;6;92;34;87;57;36;31;55;7;95;84
A7P0,12;40;69;8;82;2;26;6;6;92;63;54;32;91;0;88;81;0;30;89
ZAXW,30;77;98;71;96;76;33;39;25;30;32;68;11;48;98;43;23;89;92;43
P7AT,86;65;10;87;41;70;49;75;54;92;63;53;54;63;54;44;34;41;6;42
XRT4,77;95;97;11;87;61;82;53;95;43;61;65;84;14;60;77;19;94;77;22
V0J1,15;62;90;32;27;72;97;61;85;99;95;95;9;77;3;52;0;3;48;46
WY41,86;10;24;18;78;73;55;49;61;32;9;11;84;3;11;95;26;67;95;6
E0GX,39;20;30;96;19;42;55;45;83;55;27;21;35;2;55;26;36;6;23;25
JZXU,82;56;81;2;41;75;32;54;94;56;83;62;68;60;38;9;70;5;80;57
V871,33;10;76;24;9;91;99;69;97;66;96;3;73;82;37;74;14;4;42;37
HXKQ,82;31;37;4;39;14;49;59;5;42;58;43;46;78;56;86;9;21;63;44
CWJP,80;79;13;85;63;8;19;24;57;21;54;47;95;94;62;9;32;25;20;25
CSVM,44;49;85;14;96;48;41;60;62;38;52;81;40;31;19;81;17;79;66;87
KCCC,7;36;43;36;38;68;13;31;31;6;16;49;55;15;66;99;23;63;74;64
ML4N,45;50;90;54;27;83;60;44;35;48;25;11;5;53;59;39;11;47;87;82
AN0F,86;96;28;70;71;73;89;33;14;22;99;92;94;37;61;60;38;1;37;62
T7RP,53;13;57;32;12;47;97;63;35;87;2;53;31;20;26;4;5;84;98;63
BAR8,4;8;73;4;19;64;68;98;57;49;80;52;70;0;20;45;18;36;21;50
X7CG,26;55;9;45;39;1;83;44;39;54;25;63;77;54;63;49;35;81;87;48
YLDS,69;2;88;0;70;47;4;96;37;45;97;37;10;73;64;21;95;9;11;10
XOBQ,15;44;18;95;88;9;0;75;82;96;54;67;72;22;4;68;22;73;70;32
VWTU,45;94;11;68;73;6;54;41;23;40;88;26;83;66;26;44;49;85;76;94
R0U5,43;20;93;22;58;70;30;51;62;23;40;82;52;78;21;5;84;84;21;39
DWQS,68;42;64;50;17;42;53;30;1;48;18;45;94;47;42;43;55;39;52;44
SY9X,11;44;97;53;50;4;87;21;8;16;34;97;64;28;69;77;93;52;64;75
L21H,10;42;72;30;95;25;34;89;30;12;49;2;49;69;50;31;30;47;85;62
UJXN,86;96;62;94;93;63;1;12;95;37;54;88;46;78;3;50;19;10;93;71
OKZX,55;59;62;18;12;49;91;40;89;47;14;81;58;45;43;80;18;97;67;45
BHT1,91;89;50;31;23;39;69;51;87;9;16;79;49;48;56;46;11;22;54;81
S1Z0,89;10;72;48;87;95;78;75;29;56;10;0;58;84;46;73;81;62;94;67
XFM2,96;55;66;79;64;28;49;33;98;95;34;12;99;28;38;29;86;52;47;78
IQ19,75;71;1;63;95;62;54;25;31;18;61;21;97;0;77;55;40;91;20;10
WS55,95;17;61;5;77;71;42;34;54;69;62;88;39;78;30;9;88;19;96;99
HEHH,97;71;59;74;47;61;83;64;11;18;33;62;5;14;67;99;32;76;43;90
QEL9,35;40;58;39;75;58;15;2;72;68;74;67;57;64;89;95;82;82;27;15
N10J,91;81;59;90;1;15;85;40;8;49;4;93;23;98;7;46;94;88;75;83
VPZT,18;21;76;42;88;83;74;30;65;3;78;23;86;19;6;49;52;49;51;79
PB2Y,43;29;67;80;1;28;0;40;33;94;19;11;78;75;63;73;56;55;72;70
PQ9E,20;53;65;68;96;85;12;12;0;17;33;66;98;51;47;55;90;51;59;85
QMUA,72;89;30;22;92;28;50;65;18;93;48;44;7;89;40;67;66;45;21;58
AF19,11;25;60;79;40;4;37;95;54;86;62;86;96;95;55;74;47;9;97;35
T217,58;90;5;43;53;51;7;59;21;75;72;83;44;96;7;4;26;90;0;74
XLCC,44;37;10;66;15;43;20;56;89;24;53;64;32;0;95;38;10;48;90;63
R9YV,49;47;64;38;85;63;35;44;40;84;57;41;71;86;81;96;2;47;54;60
DEBZ,15;10;1;45;51;91;64;16;41;64;83;41;12;94;82;27;32;17;49;53
HJ0O,42;44;40;63;79;53;79;20;33;94;3;38;88;22;35;25;4;88;87;92
G7DY,30;58;26;58;19;15;38;19;45;33;58;46;14;98;19;70;20;26;22;95
JYN9,11;48;12;94;60;7;68;84;38;58;66;48;25;77;2;59;16;56;23;83
UQ6M,38;14;11;32;3;19;27;35;70;84;69;72;74;81;51;95;60;99;25;91
KZJU,98;34;40;18;7;85;61;43;12;71;86;89;96;2;13;63;42;58;82;45
J0XJ,26;67;89;2;0;95;78;33;18;73;95;8;99;69;83;57;13;63;51;56
R6NS,31;16;47;41;36;59;39;37;40;41;38;38;35;43;51;26;38;41;59;26
PB6Q,94;40;59;7;28;8;99;31;91;32;73;91;94;85;27;57;10;68;30;98
K927,78;81;43;11;47;44;55;38;68;68;66;90;78;85;25;53;97;34;42;0
XEKT,52;3;59;34;24;83;68;8;99;63;33;78;28;6;1;68;79;84;56;55
KTKT,51;9;87;45;13;45;29;58;70;87;78;92;86;22;11;83;75;58;80;57
RJNY,62;44;16;75;51;59;59;62;50;76;1;52;18;98;96;15;89;56;21;96
R2B1,40;72;17;24;71;66;24;38;9;21;53;62;75;41;95;88;44;78;6;47
ORN1,95;48;24;59;70;62;48;25;62;55;9;57;62;79;34;48;31;32;40;96
DNBP,59;52;10;29;31;16;28;0;85;93;6;17;7;58;53;26;66;95;69;93
L9C9,42;67;21;78;50;7;77;10;90;5;3;7;91;53;3;16;6;94;32;52
K36I,46;44;84;36;3;27;71;0;2;40;21;99;7;76;80;1;35;19;49;81
D4U2,42;55;76;35;79;84;28;25;91;85;52;94;56;15;61;78;47;85;95;5
ZX96,80;62;14;38;53;31;64;99;5;58;99;13;49;51;47;95;90;16;91;11
T8JL,80;77;82;24;66;84;45;34;13;56;25;62;95;43;37;49;86;50;19;28
VK4L,94;72;90;62;39;51;0;57;45;13;19;11;53;16;12;72;68;93;15;1
L345,41;34;22;44;44;56;29;34;20;12;31;47;17;28;49;49;54;46;26;80
Y724,58;6;93;58;52;65;37;92;62;91;81;87;37;58;96;79;84;59;58;80
LE2G,14;34;60;48;45;79;47;5;30;95;42;44;20;71;47;45;70;76;10;63
AKV0,72;92;19;81;68;55;99;82;70;66;43;48;70;59;9;14;10;77;53;77
OS77,92;98;97;93;0;1;69;6;13;11;51;61;71;41;40;21;47;62;90;86
S29M,17;10;24;67;50;3;68;40;19;83;39;64;11;32;85;95;19;40;17;12
OTU7,42;75;62;93;0;68;37;67;80;82;2;6;93;0;65;7;17;12;66;54
HUIG,95;43;63;75;37;53;31;19;87;57;4;29;39;34;80;44;83;11;9;4
AJKH,34;23;91;61;16;12;39;85;88;47;55;94;28;49;95;41;41;77;71;85
CHB5,2;37;73;19;85;17;12;72;64;18;29;3;60;86;92;51;13;3;46;64
WDA5,80;46;3;6;61;85;56;4;5;1;19;62;95;53;29;30;78;59;69;1
ALSW,29;78;1;79;53;92;60;95;63;40;18;9;26;38;73;1;57;54;40;47
PEYS,79;2;23;99;45;95;69;85;45;31;17;73;55;40;1;70;16;42;75;6
VS60,78;76;36;9;41;55;35;66;65;12;25;18;58;92;71;89;44;8;58;96
I84D,24;71;71;7;74;70;7;86;21;7;96;90;6;95;67;97;8;80;2;49
G156,84;40;85;58;28;5;54;48;64;98;31;31;5;78;10;45;30;70;13;91
SZX6,66;40;46;28;75;88;69;58;54;17;39;57;59;42;8;9;1;19;36;74
TKBL,57;20;44;39;23;84;47;94;61;70;89;20;63;75;54;96;25;41;36;94
S89U,55;34;99;0;71;11;13;3;51;13;33;62;61;38;78;4;53;92;95;2
A00T,29;0;27;79;41;43;24;0;38;49;14;31;50;22;88;92;71;6;93;63
VO7F,40;64;13;64;34;50;55;77;12;55;70;1;60;44;90;35;67;14;74;9
HYLZ,99;74;41;46;45;57;2;92;44;34;9;24;71;39;65;38;12;60;99;48
F907,54;23;85;16;48;98;94;82;40;68;3;58;6;26;96;84;39;17;90;0
PQR6,97;69;70;74;1;19;95;11;81;55;36;40;45;28;95;67;50;41;65;27
YQ6H,18;46;23;24;31;89;81;48;31;54;0;2;92;17;18;65;20;84;28;55
QPV4,77;51;34;4;92;95;73;12;53;90;43;10;1;26;45;96;48;80;95;33
QQZ8,12;25;7;3;62;91;36;16;16;51;25;7;70;98;71;94;51;93;77;1
NOUM,8;43;5;82;83;75;19;53;35;69;33;30;11;6;38;25;13;46;49;48
K3HN,59;11;16;68;20;4;56;11;1;22;74;7;59;95;88;41;54;26;62;73
IJNV,58;62;83;91;8;50;59;70;87;15;99;20;54;83;1;87;96;49;69;21
RYTU,18;25;75;88;97;26;12;77;25;21;10;98;31;90;92;69;99;41;59;7
EVNV,10;67;79;20;33;52;45;99;30;89;88;45;48;74;63;82;51;38;82;3
XD9N,9;60;7;99;15;72;14;66;87;23;0;20;18;12;65;60;44;38;50;11
CEAE,33;22;54;57;16;34;48;13;4;20;8;10;65;31;40;17;52;44;35;55
RNUL,2;22;25;70;73;27;25;22;49;34;82;18;21;48;30;17;70;12;84;60
RK39,30;96;83;66;77;62;43;34;19;83;35;32;25;9;81;67;88;29;44;10
XOQK,67;68;70;95;89;60;58;92;69;94;44;22;72;67;10;70;27;21;37;95
JXXI,43;98;67;78;20;91;45;43;23;50;23;68;13;83;70;36;69;84;76;62
AUL1,95;97;0;73;32;23;22;21;61;45;11;71;74;77;7;17;57;15;20;24
N6YO,91;65;72;95;15;61;10;72;86;38;74;46;11;51;99;5;24;4;22;30
KP2Z,18;15;24;25;3;43;62;5;77;48;68;95;79;39;47;2;33;24;97;48
SCPX,50;21;23;32;3;80;9;53;66;98;49;78;9;29;65;14;55;73;23;97
LKN9,91;49;70;71;84;97;7;7;86;82;20;12;59;3;5;71;69;40;12;94
YRBC,16;64;82;70;7;20;6;34;28;16;48;99;25;23;7;79;0;39;87;94
NMA6,74;71;6;77;11;96;54;15;90;9;86;82;51;65;73;84;17;97;2;11
NR3H,19;51;42;74;25;72;73;75;94;65;37;10;4;68;89;88;79;3;13;76
TN6V,86;27;1;95;13;70;21;44;60;96;8;46;57;33;16;18;82;32;67;7
NF5C,51;95;85;84;59;87;86;36;26;50;98;63;2;29;69;0;25;20;0;83
B989,7;60;15;31;99;89;98;47;36;47;94;11;31;50;98;14;85;99;79;72
UMKD,46;7;89;84;22;74;44;90;15;45;31;82;19;41;56;24;77;57;28;52
VO4H,38;76;55;86;91;99;92;92;91;7;55;99;93;96;24;5;45;39;2;32
E8VN,92;91;94;69;78;90;82;31;73;7;62;82;6;57;86;69;89;67;17;10
O4TS,76;47;48;67;13;44;63;41;14;81;38;97;15;72;19;47;68;7;84;82
BOOW,72;80;65;61;15;8;78;25;17;71;71;48;21;92;9;67;32;2;69;52
PKH1,87;87;79;87;66;42;18;4;79;14;43;39;78;71;16;18;93;96;21;62
P794,24;49;26;55;1;16;33;43;1;37;91;36;77;46;87;5;54;43;24;99
EO2T,39;33;16;28;37;39;18;46;93;78;66;97;71;76;16;7;75;35;70;23
G2KY,57;36;31;83;7;94;12;91;39;98;85;47;20;37;52;90;31;73;45;34
SUN7,33;53;43;43;15;93;86;79;81;82;25;43;48;26;71;0;33;48;49;74
ILB7,69;48;95;11;64;81;99;24;9;9;98;95;19;94;81;29;84;96;33;95
TAOS,16;10;6;64;63;81;32;26;49;66;83;75;17;17;19;71;10;76;67;8
WTNH,86;69;40;47;42;61;24;77;44;11;82;58;9;73;73;22;83;4;54;13
D6ED,62;0;70;35;64;72;8;43;51;39;24;77;86;97;94;43;87;37;24;48
XQAB,20;56;68;27;36;30;40;73;47;41;90;31;74;98;40;36;66;50;4;48
SKCC,27;5;85;17;38;58;85;58;67;18;6;56;66;74;78;98;83;59;47;95
A0PC,88;18;67;30;73;89;34;70;90;83;5;47;61;42;57;76;89;68;8;26
QOB4,6;61;55;65;51;86;83;94;52;52;23;96;35;69;32;61;61;27;1;28
V103,12;23;14;28;39;33;11;46;25;49;72;28;44;48;17;32;97;90;55;32
BMCH,71;21;42;6;10;68;17;30;89;72;11;10;51;77;0;18;9;75;92;58
OTBS,85;93;62;41;85;32;28;89;21;91;80;54;19;30;47;8;79;15;42;4
FO9K,78;58;15;47;12;34;20;46;1;67;34;28;25;83;11;8;75;54;94;42
XIVU,28;92;26;13;50;9;65;51;46;28;78;85;8;7;25;59;43;28;39;89
Y84V,85;79;30;17;34;11;96;75;72;46;97;7;86;64;13;81;60;72;13;58
YGE8,95;87;61;82;63;91;39;26;55;37;66;45;20;29;15;8;90;93;40;58
KOKU,5;86;30;84;29;39;13;15;79;82;3;75;23;16;25;32;29;40;13;34
FPY8,69;47;7;45;84;25;46;49;82;32;19;48;38;38;71;35;85;44;26;18
BNF7,53;49;10;9;86;77;20;10;83;38;18;44;25;70;91;26;76;61;49;70
SZOI,33;5;28;65;72;20;70;74;16;7;98;60;70;40;57;98;25;48;40;85
ZQ5O,71;11;85;60;51;19;75;73;25;5;23;73;48;47;7;13;16;64;12;27
LZ44,42;53;13;67;30;56;39;69;13;55;9;47;76;88;94;85;64;29;96;38
RTN3,0;69;97;72;10;19;86;7;81;49;32;82;99;19;64;75;99;71;99;33
JHD7,87;0;59;92;85;93;0;53;37;98;95;74;60;49;81;85;71;72;95;89
F8LM,15;95;30;78;94;2;2;72;86;57;29;34;35;0;15;75;1;16;68;41
JYN2,0;60;16;13;70;5;17;92;88;84;46;6;88;28;76;34;14;99;10;75
AH6V,34;72;44;64;71;46;72;10;57;77;23;73;72;83;44;32;4;0;56;94
FV8E,21;77;17;96;78;25;22;79;64;82;86;41;37;84;91;5;73;63;37;84
J4C4,58;45;71;49;58;40;11;30;51;33;25;52;14;45;59;65;23;45;42;58
MFAP,40;40;13;21;26;7;86;14;77;94;81;30;11;95;96;40;29;29;24;8
ZP3J,74;37;55;31;24;44;78;70;3;19;75;13;9;53;67;23;88;94;35;2
V04R,75;72;85;5;17;69;78;78;0;98;52;55;99;92;35;17;22;32;99;87
QSBP,36;21;8;62;99;71;28;28;73;54;73;12;18;87;0;92;95;5;36;50
MBZN,84;94;40;21;37;20;40;80;98;97;35;51;45;20;26;99;16;45;9;88
AGWC,35;20;65;0;27;20;1;3;18;44;90;34;63;99;53;40;26;85;81;73
WZKA,48;10;65;30;83;92;59;51;65;12;14;38;0;91;74;39;2;77;86;24
P2GW,82;26;83;98;55;69;21;63;61;91;11;41;14;46;49;68;31;1;38;78
CZEW,35;87;42;67;17;97;55;72;44;77;69;41;64;78;77;63;67;45;52;13
HRLD,79;8;36;44;28;94;50;67;51;54;39;37;99;97;99;95;40;45;25;56
NZO6,59;62;68;47;26;31;33;49;94;52;99;52;98;70;37;67;99;78;28;76
EHU2,32;96;88;66;54;33;79;86;85;26;45;1;62;37;45;44;0;37;76;57
CDL3,60;59;16;15;16;55;35;30;41;49;1;93;68;93;12;0;6;37;59;2
UX69,53;2;66;87;84;75;54;76;13;53;8;43;68;55;94;23;96;14;92;45
VBMU,45;52;21;8;57;54;55;1;35;26;55;18;24;56;3;42;18;50;44;37
FGRB,51;11;99;5;69;24;7;10;75;37;60;48;81;92;47;23;8;67;41;10
U5AK,30;32;18;87;23;67;70;64;64;80;19;46;2;10;60;2;1;21;43;30
G5E7,79;99;3;93;11;96;27;37;64;31;14;38;17;40;61;78;20;57;56;8
BCIS,34;33;46;48;9;78;50;62;54;81;97;54;48;16;23;53;4;87;72;81
RY03,38;75;97;52;42;2;80;72;85;92;27;98;67;96;21;60;16;77;43;95
SXJ1,13;79;73;65;63;90;82;3;21;55;58;22;67;75;55;52;78;74;94;73
J427,66;13;15;48;92;73;48;79;18;29;49;14;64;21;98;33;82;4;69;80
DOHK,9;37;56;85;11;73;75;66;58;86;60;66;80;72;57;71;81;45;56;87
O2K5,49;21;19;31;2;56;61;30;31;54;81;3;48;67;61;98;91;99;36;68
NGDP,16;33;67;76;14;52;12;62;15;3;77;74;34;17;16;6;79;2;12;15
DERZ,50;75;56;65;85;6;88;46;50;70;68;68;0;67;15;65;50;33;8;22
II6P,21;95;63;72;39;79;40;12;16;36;19;94;97;74;61;91;98;24;36;85
DYUL,5;79;55;49;14;59;68;25;73;72;47;60;28;42;87;37;15;33;61;38
U4VS,99;41;87;60;63;16;93;69;71;71;14;37;54;40;66;97;76;9;93;83
SVXE,50;56;96;99;97;20;2;47;9;81;68;29;75;64;28;34;44;30;8;38
BZXC,49;46;33;25;0;2;30;43;62;60;33;68;88;23;58;77;47;15;89;51
LU5O,51;42;28;53;45;82;88;16;66;82;18;64;64;80;66;72;23;53;46;33
BK2D,94;67;58;13;16;55;46;37;90;29;70;43;64;22;75;85;79;45;54;74
NNK6,48;24;0;96;95;82;91;74;41;48;55;30;80;60;96;79;57;62;49;25
DZGA,29;32;14;47;82;81;52;98;77;68;4;80;97;89;40;45;50;26;73;6
QJG2,34;68;92;71;33;83;65;97;75;76;8;64;88;52;1;15;46;31;33;91
AKZ6,73;79;47;63;8;7;68;15;2;68;14;60;38;63;48;58;97;74;73;51
QVU7,67;14;63;13;71;91;14;28;95;11;94;27;21;33;89;4;69;51;68;22
E8MI,68;38;4;31;79;29;32;68;91;51;8;59;55;11;49;75;35;1;79;79
Z29A,16;67;85;71;8;22;31;21;40;79;3;83;29;72;52;41;37;9;71;60
P0G4,14;17;86;82;55;45;36;28;57;61;50;35;93;82;82;29;24;33;43;50
LA2Y,88;46;5;25;67;18;69;43;92;83;90;31;13;53;22;25;56;65;36;29
XATC,56;60;50;38;63;35;57;60;37;64;21;37;14;51;69;80;11;66;76;99
A2UB,88;60;93;2;41;85;17;70;70;58;40;62;21;47;81;32;74;51;86;38
PQS5,62;15;22;26;18;44;78;33;0;24;78;29;88;84;12;71;37;56;97;65
FY0A,82;25;63;60;35;48;61;79;16;93;85;50;53;48;91;3;14;53;98;76
T2UX,93;62;33;88;27;22;89;55;91;11;5;69;0;4;83;19;38;54;33;83
ZG7M,22;94;77;95;67;24;43;5;15;65;7;1;4;8;8;71;16;8;53;53
PP80,23;71;24;68;10;20;98;84;14;79;49;91;15;46;65;62;75;16;97;24
XQL2,17;43;17;58;95;37;72;0;20;65;56;63;25;78;35;33;60;61;62;29
MMXK,58;28;95;66;40;18;61;20;31;25;70;72;6;40;10;44;98;8;51;12
TMV5,4;8;19;16;29;13;39;82;8;15;88;72;49;73;86;26;67;77;46;11
CHVL,92;49;40;19;18;43;56;40;20;12;62;77;62;86;2;15;41;8;89;62
OTJP,70;9;16;34;51;92;48;73;20;97;88;29;60;63;88;50;10;70;93;57
VN9U,70;47;10;61;83;24;65;23;31;64;79;69;7;53;14;42;18;5;56;83
R0KX,28;20;19;24;33;20;96;30;84;22;42;74;2;63;38;28;24;17;7;12
XSGQ,91;74;47;0;56;8;95;8;29;19;82;84;49;24;15;49;33;83;74;67
UOPW,29;70;94;73;40;46;12;6;22;1;7;2;86;21;21;38;92;46;96;53
A62Y,26;0;10;40;58;3;72;11;10;55;72;56;32;31;25;21;18;54;51;62
H85T,12;58;41;36;60;9;67;65;32;17;90;48;20;1;79;47;8;45;92;35
H6YU,16;92;29;1;91;0;94;87;96;7;64;47;62;3;7;98;93;11;16;77
FK7Q,78;23;35;95;24;92;44;34;22;97;65;57;33;46;36;74;13;66;38;93
YLEB,82;19;96;54;13;35;12;75;41;32;64;87;45;91;6;92;40;35;3;2
JNUC,94;76;9;49;15;79;26;73;22;95;20;62;2;88;6;81;36;1;55;83
HDUG,20;47;1;0;64;64;15;29;85;18;32;24;68;42;90;78;27;28;53;72
RJC9,90;12;22;99;85;70;8;77;32;43;91;9;52;60;85;80;41;41;98;13
FBLT,32;95;77;46;75;34;62;28;23;96;90;56;13;17;21;97;91;51;34;73
UG6I,98;55;4;24;64;41;97;83;91;20;64;17;24;2;15;40;80;79;25;18
ZD9B,62;54;19;69;45;68;89;91;32;12;6;43;45;87;33;48;47;56;16;97
OQ73,13;90;65;50;46;23;67;95;55;25;40;20;66;31;39;40;75;28;11;76
B4LA,11;4;14;67;39;41;24;36;59;49;74;0;21;26;50;77;44;97;49;30
NWD0,44;12;62;62;87;7;97;38;25;0;97;21;55;31;76;43;8;72;52;47
O1T3,49;60;77;55;54;26;56;47;49;54;31;68;48;85;86;82;78;24;44;34
BX50,50;52;38;29;35;68;33;29;42;26;44;43;71;14;48;15;48;70;64;61
YR04,10;8;57;50;50;23;39;45;8;35;89;58;28;1;5;3;71;23;47;13
S9F0,69;78;77;57;53;69;82;70;33;76;13;40;83;65;7;34;28;96;53;12
PIF7,52;47;94;37;42;50;24;84;94;82;51;53;91;76;21;52;62;29;46;11
QL7P,29;25;10;21;78;47;80;92;42;42;62;35;30;44;78;19;69;35;40;90
CWM0,41;25;65;23;48;65;63;75;59;65;61;38;50;37;55;52;60;33;78;56
FMKV,61;77;38;60;49;89;33;15;36;98;14;49;29;96;21;59;53;24;34;75
RZOE,90;50;41;49;82;31;51;55;91;85;54;54;35;7;7;92;92;90;63;33
T3QE,18;71;46;76;17;7;39;80;41;12;71;54;40;55;8;30;62;15;20;13
JQFT,20;77;37;86;86;83;62;97;82;46;0;42;45;24;95;49;68;35;30;34
TFCA,45;54;14;70;57;86;91;20;78;32;76;51;27;79;96;82;66;64;60;72
HBQU,85;64;46;70;87;44;20;26;41;9;94;3;73;90;18;4;28;16;88;60
JCJF,27;2;15;75;7;21;14;86;32;45;1;94;18;20;50;83;76;28;62;51
MZPZ,87;37;56;8;31;2;77;54;4;42;46;46;76;20;79;16;84;2;35;61
AUFQ,55;21;67;49;78;73;63;16;96;97;44;78;90;61;41;50;32;48;27;38
C4GR,1;76;73;8;40;60;12;41;61;65;84;52;67;7;23;92;44;76;94;33
L6V2,25;0;65;68;13;36;41;73;78;35;82;82;97;97;81;26;16;66;45;58
YN0U,79;33;82;50;54;97;50;61;63;3;91;6;34;52;38;19;68;98;20;36
XM94,74;18;8;6;45;49;8;60;79;24;88;44;88;51;23;79;40;18;66;82
MN8C,23;1;79;4;38;53;1;93;77;23;86;65;31;35;41;53;38;4;59;68
RN9A,41;4;75;39;33;92;22;29;98;41;38;34;75;79;4;82;31;49;30;43
IRTK,73;69;79;12;56;28;36;8;97;18;61;73;61;25;26;79;1;99;74;7
OMFF,25;40;60;50;77;85;34;71;79;52;13;36;12;55;25;91;49;54;29;91
WF7Q,82;35;80;51;41;70;51;76;53;48;36;49;18;2;4;18;83;87;90;32
U7SA,48;79;1;9;55;69;78;9;28;34;76;4;25;83;59;8;12;64;11;51
W31H,33;92;34;54;32;1;13;30;35;42;74;36;39;88;57;51;22;44;11;35
A2WV,55;46;36;56;48;16;51;51;26;75;45;39;34;62;43;38;37;73;61;40
P18K,19;23;77;46;0;12;44;85;36;40;31;39;13;66;17;10;79;75;37;89
XX37,25;35;42;5;35;51;21;85;62;10;50;5;63;14;98;74;60;75;8;98
MMSH,48;71;24;87;21;20;50;88;8;77;38;76;92;31;17;34;37;72;74;1
FEZ6,70;92;71;64;58;57;82;20;24;57;1;27;62;36;79;44;99;29;73;19
JTYH,26;62;14;28;65;91;68;34;57;72;87;59;22;89;53;70;17;90;96;33
ASGM,48;34;95;67;26;64;89;12;28;31;49;91;61;38;74;47;93;59;71;51
Z6O5,87;98;78;50;74;54;77;68;52;10;60;24;69;16;80;50;70;22;97;20
L549,23;17;76;4;24;84;68;32;75;42;26;49;40;14;77;68;78;70;17;48
X8IH,19;57;89;59;58;57;5;18;46;96;11;17;53;89;31;55;51;54;56;3
UFH4,34;63;64;19;36;29;18;95;57;80;81;82;30;72;49;31;43;15;26;40
TT03,1;42;28;35;78;81;18;16;24;58;24;86;97;69;39;17;30;54;0;40
OQWS,3;1;29;16;27;60;93;94;52;5;82;64;53;85;65;72;64;19;58;53
O4VI,47;80;16;47;90;2;82;79;8;74;38;50;61;31;80;27;15;50;62;74
HCHX,96;93;89;66;64;26;91;24;42;62;64;93;79;95;76;26;1;28;93;20
YTLS,45;62;49;33;80;54;33;28;28;94;39;22;74;56;47;87;5;87;93;43
VSFH,81;86;94;3;39;65;56;87;19;66;6;1;35;91;89;63;72;61;45;64
U4I7,59;54;42;56;62;25;12;11;37;58;91;15;50;79;26;82;14;83;49;94
DBGU,52;47;51;72;34;85;17;52;49;66;41;48;48;13;94;9;54;73;72;6
HI8Q,83;92;61;13;75;45;12;58;78;22;45;18;35;77;70;48;14;68;1;95
SLL4,96;38;77;98;17;54;88;45;27;16;30;82;65;93;9;33;37;12;90;56
X6MU,72;35;64;89;46;41;15;95;11;97;45;19;19;65;86;91;1;86;69;94
DH04,3;44;14;22;42;5;98;96;38;32;78;60;85;42;33;41;71;38;41;3
E7JI,1;65;47;90;9;76;34;55;34;10;41;60;17;95;17;37;8;73;7;95
JWD4,15;90;78;67;42;58;85;86;35;1;76;2;12;77;79;69;44;47;65;40
VMRZ,48;99;83;34;29;38;76;51;65;69;27;48;61;24;78;73;91;23;51;80
TCBM,46;40;62;87;10;48;78;35;81;59;47;35;51;73;67;90;31;28;11;15
PEY6,92;27;88;87;23;35;95;20;7;96;34;44;81;19;89;64;43;2;49;58
HRKJ,98;99;35;39;57;33;55;77;72;35;35;71;67;11;56;69;85;85;11;60
DU2O,65;14;81;21;19;19;55;40;89;71;50;7;10;24;77;85;92;46;58;60
VVO1,32;34;61;7;87;93;74;32;86;83;54;5;96;62;56;4;9;94;96;76
KZUG,71;36;31;92;43;86;45;91;19;64;4;36;87;5;37;62;55;68;40;76
YP97,17;49;13;14;96;35;72;41;91;75;30;46;62;91;77;14;40;14;8;7
HT58,81;7;20;64;39;69;58;87;13;40;26;63;18;98;67;12;42;17;27;22
BT9M,98;73;84;98;4;32;81;6;55;12;69;23;37;40;78;92;61;19;24;33
TGGM,14;54;82;65;16;78;51;42;88;76;59;74;93;6;3;29;46;34;90;16
XGSW,3;41;13;99;85;54;22;0;69;73;77;94;92;5;26;16;58;23;10;55
RDHQ,4;41;26;98;57;22;83;66;1;0;73;72;7;90;69;94;50;58;75;13
U3DG,39;28;77;92;50;32;47;99;80;20;63;2;87;87;90;39;15;12;75;87
D9I3,53;31;48;69;53;67;35;22;64;9;42;71;64;50;51;58;52;42;9;53
NN5R,90;20;75;84;12;92;62;31;52;99;47;5;2;88;97;8;27;53;91;65
I3QC,51;51;27;71;65;22;89;45;65;7;66;23;85;91;90;15;32;90;54;85
KBMW,43;31;69;39;72;21;90;15;47;40;28;70;71;87;87;81;3;64;13;90
SWYK,21;2;22;73;81;30;48;15;57;58;98;80;54;41;32;35;33;20;71;47
LDLW,58;24;83;83;14;25;42;3;80;35;90;3;33;21;83;45;26;29;24;3
NU11,69;76;87;69;80;47;66;17;84;17;65;7;99;3;15;13;85;86;60;11
VZQE,16;78;71;25;10;78;3;66;96;13;34;30;69;90;61;7;67;68;53;87
UGSG,62;23;98;3;51;29;91;85;79;30;49;65;67;79;14;32;86;29;98;34
W5LF,96;12;24;66;45;18;65;0;42;4;35;71;21;96;5;61;77;77;77;12
JXET,57;54;12;84;96;90;85;73;66;63;95;56;86;18;20;29;97;97;13;76
EZS2,41;91;72;37;86;80;87;92;41;7;42;42;16;48;69;19;9;18;94;76
RH7P,80;71;47;2;18;29;80;0;63;82;70;22;58;85;32;67;94;74;49;11
XY8F,22;58;31;97;78;66;38;12;80;77;76;89;70;93;14;40;40;29;98;84
DF4E,22;16;11;45;15;29;38;10;26;94;48;20;96;88;74;10;11;26;11;67
E1TV,45;31;76;90;55;70;24;42;82;16;22;88;49;72;23;20;27;4;7;25
VH86,54;86;75;2;13;28;28;32;64;90;81;39;90;54;67;4;72;15;55;24
RJM9,7;91;89;54;79;91;50;68;97;51;44;71;18;83;11;82;44;3;98;96
O2TV,73;55;73;1;21;11;62;82;58;96;32;52;55;91;77;67;51;97;51;77
OCMX,25;60;73;57;48;52;23;45;94;99;34;25;47;98;87;56;76;29;42;42
A62Z,12;97;81;84;54;65;58;18;18;56;38;82;73;56;35;5;0;68;91;63
GJB3,78;38;78;3;44;27;61;69;85;12;23;24;63;25;17;46;24;56;22;17
C10Y,84;39;48;25;28;10;72;54;55;48;35;85;68;36;63;82;76;52;40;71
SB6O,48;56;49;1;82;57;76;18;45;45;58;81;93;71;26;6;25;98;58;21
WRFW,8;65;50;61;84;8;98;80;38;25;72;29;62;50;26;6;78;39;85;17
BUUP,46;82;53;65;6;79;80;80;37;94;7;54;13;81;92;93;75;57;22;42
CKHH,39;69;15;76;74;9;10;50;46;8;77;42;46;16;3;86;14;22;33;9
NNZJ,35;90;45;88;35;33;64;92;44;69;50;8;45;68;68;94;14;18;71;9
XF8T,99;30;72;8;30;54;5;5;9;78;89;33;34;61;19;82;34;85;96;82
JDBE,0;442;0;0;388;0;344;407;0;423;0;0;0;449;266;314;0;267;194;0
MI1J,24;88;67;20;66;82;17;41;72;73;51;37;23;97;95;66;50;62;26;52
DTHN,87;79;23;98;95;30;80;29;70;55;29;46;69;81;42;51;7;83;96;67
LX5K,85;82;20;92;39;30;98;72;2;94;0;42;20;49;42;88;34;74;31;41
V1N7,77;26;27;86;11;57;99;14;94;98;32;31;59;92;13;72;56;22;83;43
F2GE,4;27;79;51;0;90;24;35;65;54;30;88;70;63;28;15;66;43;61;17
Z38F,58;18;84;27;84;58;68;71;66;5;77;55;83;42;44;62;56;58;98;66
BZMT,20;26;36;21;33;88;25;42;20;77;26;40;84;36;60;93;47;44;50;21
PSOK,55;48;13;17;88;82;31;55;79;50;4;54;5;74;13;10;57;56;40;39
BXKO,63;56;89;68;94;25;40;77;28;48;22;90;8;25;48;22;92;93;28;53
E4IU,19;41;61;58;74;59;37;81;88;64;66;67;95;22;33;39;53;76;84;88
XEDU,3;19;36;5;18;58;59;72;83;64;24;17;83;17;57;90;33;70;18;17
UU7W,6;34;59;80;9;63;18;6;8;32;42;47;38;41;52;23;0;37;55;46
IF0A,63;86;44;39;18;47;51;80;47;52;95;12;47;25;5;80;31;95;29;91
TO6R,33;57;32;45;84;29;14;40;8;65;61;22;59;49;37;87;77;64;6;95
MQCE,77;67;91;69;52;33;84;68;15;92;51;85;4;92;2;49;17;45;76;15
JY1T,58;99;20;7;56;58;74;73;3;88;85;37;60;37;95;18;97;52;43;75
MVAB,22;63;69;18;59;43;87;66;35;38;42;33;13;44;89;10;37;45;61;60
DXZV,35;37;69;64;45;67;69;80;25;25;77;38;73;70;98;54;88;84;4;61
W6BB,12;8;75;21;99;94;58;18;49;26;94;77;98;1;89;79;54;19;20;36
MZI2,52;54;9;52;50;86;40;40;38;9;26;21;69;19;22;60;63;94;4;58
BYG5,89;69;1;56;63;26;95;52;87;11;81;30;39;93;24;79;87;24;47;40
O7O0,43;14;24;40;35;60;69;42;53;7;41;93;81;86;41;57;94;74;15;89
AQ84,1;33;85;69;49;67;12;0;88;52;21;72;79;35;48;77;39;82;91;37
BUEU,51;37;36;76;76;64;73;80;68;72;67;31;26;16;74;98;14;60;75;42
P084,52;81;7;79;1;53;47;24;45;51;65;66;70;19;84;58;3;60;45;90
SF3B,96;87;11;52;81;80;93;27;33;27;37;68;25;33;61;60;27;5;60;44
D99E,20;7;16;26;1;61;23;65;9;63;72;43;4;71;51;62;27;71;91;91
WIM4,54;78;31;78;49;66;1;15;53;34;0;64;97;41;32;14;25;40;94;51
KD5D,19;59;57;74;31;23;69;64;31;40;65;37;73;36;20;47;36;27;69;32
HV6A,35;52;54;59;2;53;78;53;72;1;49;60;33;40;42;15;75;4;49;97
GORH,91;10;63;9;32;68;53;21;2;37;55;46;87;50;76;83;75;49;4;12
ZD9G,22;84;75;76;82;90;64;73;75;71;28;1;16;88;37;40;14;4;84;21
OE4G,81;89;90;57;50;25;75;4;98;19;85;12;20;43;46;10;83;1;43;94
S7VZ,74;56;74;6;2;98;29;67;77;14;13;10;47;3;72;94;48;0;45;43
FTTD,52;78;52;16;31;57;9;79;1;7;39;27;71;87;41;51;16;72;87;23
DRTV,79;47;21;17;41;37;35;6;72;4;31;0;87;25;22;79;87;81;7;24
HQT0,12;37;30;7;87;43;91;13;30;36;0;32;83;73;8;49;36;25;24;44
AJIH,13;24;12;69;14;28;12;31;82;28;33;54;73;28;70;44;40;3;49;53
IJP8,7;1;91;6;57;2;59;72;42;69;36;97;32;62;53;93;99;83;10;85
GHC6,1;88;70;6;64;19;24;94;93;87;41;80;39;2;20;23;92;97;96;28
JF36,53;14;61;21;28;75;3;82;39;94;74;15;41;89;15;97;38;4;38;49
BMUN,55;8;1;99;61;29;53;63;11;53;22;87;39;99;51;97;96;54;32;27
WRU9,61;51;20;56;6;7;79;3;25;93;14;47;65;42;4;30;59;67;65;15
YFFC,7;12;27;75;9;42;63;9;90;38;56;46;55;15;60;9;30;73;24;80
R2WG,97;30;37;38;2;64;90;95;52;89;36;95;31;53;59;86;25;61;46;94
QOZS,31;38;61;53;76;59;41;47;33;8;26;38;81;41;33;54;62;45;7;95
YAXO,20;91;14;85;20;49;43;95;64;14;75;89;57;58;38;10;59;54;78;7
LDDL,63;56;64;86;23;82;3;28;92;33;99;63;35;22;3;39;62;38;58;10
K3X9,45;51;46;58;76;6;45;86;67;41;56;98;97;25;69;31;77;10;90;83
N1TB,62;70;17;14;73;68;19;61;39;61;87;50;45;7;40;79;96;71;30;7
FWJI,59;95;55;27;85;59;75;61;89;44;65;98;15;85;77;78;79;26;11;99
Q84E,62;51;58;84;53;59;58;75;25;65;62;44;2;33;87;11;51;63;29;22
OBXE,20;99;59;25;85;36;7;75;70;29;99;44;97;92;87;83;65;57;29;14
UVYC,48;40;8;23;0;14;73;72;14;86;28;85;52;9;17;56;78;22;91;77
CT2V,17;75;81;62;79;54;55;92;64;91;18;82;19;43;6;92;94;53;29;23
K3IM,20;87;74;76;79;37;94;65;28;98;0;1;43;62;76;27;11;52;26;50
JXAU,86;67;50;65;50;54;91;15;24;29;10;1;83;48;70;10;65;86;39;18
LLDM,46;54;88;17;53;86;19;98;37;88;97;27;77;42;41;91;65;56;53;64
GV11,36;90;17;67;81;8;96;69;22;58;99;88;75;24;3;33;11;76;26;32
EPKA,43;63;89;90;88;33;95;37;2;4;52;75;17;82;42;68;84;97;41;56
I1ED,78;39;48;86;46;62;82;61;83;0;25;70;1;80;78;26;62;11;16;10
KRUN,75;86;85;76;89;30;82;42;80;37;70;24;38;5;55;69;42;1;91;68
RU82,38;41;5;47;27;15;80;78;61;21;75;49;39;5;18;65;6;1;86;84
AK2I,22;27;96;0;65;88;16;97;73;18;31;26;42;88;38;21;23;52;32;99
HKYX,99;5;46;90;94;36;17;78;28;9;37;60;33;0;64;6;2;53;1;42
YAA5,46;55;63;62;16;45;72;78;23;63;99;96;46;9;45;24;46;47;34;99
EG9V,9;6;2;69;27;54;72;78;60;24;51;18;94;85;23;94;43;89;28;90
TTJN,47;35;20;44;40;48;47;54;43;32;30;49;23;42;52;41;38;22;33;71
J4YD,38;60;39;94;72;8;73;60;49;12;27;87;95;97;45;47;60;74;58;60
Z84R,95;69;23;63;94;0;18;14;76;93;24;16;60;79;52;74;25;65;78;80
IZUA,5;85;37;93;77;64;78;11;94;1;16;2;56;73;75;98;83;11;70;86
I71Q,84;94;39;26;91;39;87;85;76;39;53;30;10;19;55;53;77;13;52;87
SNMV,45;76;4;9;95;32;15;93;33;10;4;51;99;90;59;68;17;86;68;56
NQC3,93;41;28;63;2;1;10;43;61;76;39;5;66;99;95;60;81;74;85;74
NLWY,0;24;30;87;70;25;32;58;90;40;49;33;93;65;60;81;50;14;2;98
JU8G,87;26;42;33;50;74;47;7;99;72;21;48;24;39;31;97;14;40;11;64
AG8A,25;80;4;95;17;45;65;68;52;49;48;28;36;30;38;76;15;25;10;17
JQF1,94;80;13;76;18;1;45;59;25;12;68;0;86;90;46;42;4;71;27;85
QE34,79;57;89;87;15;80;33;12;81;88;98;45;83;36;98;19;60;10;38;16
C4QG,17;37;42;25;44;35;37;85;58;13;63;87;44;30;8;44;18;78;56;16
GLN6,66;33;25;91;18;75;78;9;99;44;60;41;1;35;16;52;36;85;7;32
WEMM,1;57;93;17;68;99;91;69;91;23;1;29;43;63;81;62;76;29;13;47
TF1Z,64;73;86;28;65;89;63;38;15;17;40;86;83;18;77;88;47;91;45;11
X296,20;7;14;53;10;34;7;21;65;9;20;13;20;23;30;99;86;38;24;89
SYKY,49;45;0;47;46;98;84;68;70;12;35;44;87;86;87;76;12;74;68;84
V35G,20;20;42;9;18;38;89;78;3;46;27;96;65;79;2;6;59;91;78;92
JQ3Z,85;50;87;7;22;66;54;5;78;91;51;95;96;73;13;7;29;24;73;17
SGP4,38;60;29;77;20;52;57;57;43;39;29;34;38;3;79;40;81;13;94;21
IO39,23;59;8;92;46;32;47;56;54;32;9;49;22;76;46;78;33;25;3;96
IPY0,21;95;83;57;77;22;0;15;28;11;88;48;76;91;14;77;64;80;39;55
Z5O4,84;41;3;27;80;34;46;53;79;89;78;33;89;91;58;67;10;58;55;14
CYZ1,25;89;20;47;7;87;46;4;59;53;29;70;84;84;58;60;60;37;83;74
E24E,11;84;16;11;85;55;54;88;78;44;48;93;42;26;61;51;33;57;72;55
OUKE,75;33;72;65;14;73;51;3;85;77;63;99;88;72;54;74;72;94;50;34
JJ8C,80;7;49;1;66;4;14;54;21;64;69;55;91;34;57;96;93;71;29;40
CMLW,52;66;2;61;52;58;43;29;56;62;55;58;21;86;61;76;70;85;27;25
OXK6,32;39;39;89;70;90;30;70;57;91;69;27;6;25;14;94;92;8;40;18
AT73,50;40;5;27;39;26;46;58;44;30;57;58;40;78;43;12;34;68;86;43
OPI7,4;80;51;28;56;2;53;92;58;37;54;85;64;11;78;80;18;95;12;14
DTDV,4;26;48;78;11;51;31;2;35;81;82;50;60;58;52;59;52;51;83;30
IK4F,77;18;29;43;82;41;2;54;4;84;58;77;89;81;30;0;3;77;92;75
EUAM,22;88;51;66;11;0;59;72;53;34;31;66;93;34;90;65;63;32;71;21
F7U7,90;12;15;63;67;42;22;19;50;6;80;37;19;78;80;27;38;2;7;86
WUM1,20;85;90;59;81;87;61;88;5;56;32;99;58;90;3;46;82;35;19;78
JAZL,8;23;19;30;16;28;48;41;58;66;10;65;73;67;16;90;92;30;41;87
XS6G,77;90;1;53;72;50;55;15;65;69;59;65;75;19;17;46;78;63;11;6
IW7S,58;23;72;12;21;98;70;73;1;50;50;90;5;46;54;42;60;87;25;75
NH6P,29;10;51;64;35;74;91;55;84;57;10;56;30;5;11;91;75;47;71;55
DVRN,67;76;68;48;44;56;38;25;85;23;9;28;57;22;42;41;69;21;37;69
RTBE,64;8;4;47;96;78;65;36;0;86;89;52;36;80;37;93;11;65;93;96
QH83,12;10;53;65;66;58;80;33;11;95;11;46;56;83;30;47;86;67;2;93
T1Z1,82;10;22;0;45;90;75;79;82;96;67;59;11;97;89;93;66;88;22;7
RC1T,72;41;65;92;19;0;97;71;69;81;2;17;12;46;65;56;35;11;72;54
W5RS,29;47;20;78;5;23;72;94;2;72;77;41;71;78;76;11;81;35;45;2
P6T1,9;71;28;6;72;17;23;15;65;17;21;74;58;13;15;8;89;92;33;0
WX8Q,90;57;52;91;94;81;67;71;25;89;79;45;9;57;32;96;96;10;8;13
Y3KN,75;44;53;7;68;34;37;52;57;56;63;86;18;39;27;43;48;78;72;38
NZ0L,12;81;87;1;38;60;74;13;2;19;58;8;84;77;98;5;40;74;17;39
RDFT,54;30;77;30;69;96;54;60;40;96;83;29;34;74;78;14;29;12;72;15
UCOL,50;84;2;16;53;95;9;48;82;33;66;34;88;27;85;88;90;87;52;93
P1WH,19;46;22;77;74;29;84;16;47;92;54;23;18;2;3;68;66;33;30;20
O2I9,99;22;60;56;18;88;87;2;9;63;1;1;62;56;62;72;61;49;60;32
HBCS,77;36;85;94;74;65;56;65;81;88;45;58;28;31;78;20;72;21;80;30
UWZO,78;87;76;96;41;24;86;75;37;61;84;1;70;53;55;19;56;2;84;57
SNXW,18;17;46;75;1;52;84;95;48;54;74;30;88;75;32;64;33;64;49;15
GBGG,75;5;0;4;51;27;54;21;38;31;81;58;11;20;69;7;2;88;20;19
B8X3,5;42;8;55;66;69;63;90;43;65;89;30;17;77;65;4;39;92;83;50
QB1Z,83;23;24;78;15;66;28;27;95;93;99;68;78;96;48;62;24;34;47;8
Q2HW,66;75;19;55;31;50;81;83;83;63;98;92;87;81;50;64;18;30;20;45
EO49,57;78;28;91;91;89;82;50;83;92;73;26;4;30;12;61;47;52;10;40
ZUUA,13;50;44;97;60;93;96;13;79;97;9;35;81;62;46;64;82;50;13;46
QE0V,32;39;74;33;26;66;59;68;57;30;19;37;76;83;50;8;37;87;60;65
CSGI,2;63;39;98;31;35;60;35;37;98;17;2;49;51;25;20;67;74;55;77
RRQZ,8;78;2;6;19;70;22;83;90;4;72;43;89;69;85;74;83;36;77;17
FXPW,86;72;4;92;91;44;2;10;90;57;88;40;23;71;87;75;99;81;16;19
IBFD,6;90;81;99;16;72;16;12;28;17;19;64;51;56;48;76;6;27;68;91
FO3Y,83;30;34;58;38;0;74;68;4;49;73;4;81;3;12;3;12;68;22;93
B6H6,93;52;36;98;50;95;17;38;62;92;1;53;34;34;74;44;46;97;79;68
OQDL,76;65;79;94;33;72;36;66;86;0;76;56;49;38;7;83;32;12;57;35
ESCB,71;46;45;5;7;28;30;35;96;8;91;39;34;20;86;87;75;7;57;76
ZJG1,49;66;13;61;77;50;73;80;55;29;64;50;89;54;20;6;79;18;30;15
NNS5,6;83;56;42;24;61;79;5;75;64;20;27;70;65;43;59;4;44;0;5
SJYB,91;12;20;96;69;37;22;59;59;92;88;23;64;76;31;57;50;61;78;19
VULN,69;0;75;23;69;62;19;70;78;23;60;29;24;44;91;41;43;54;15;26
MDW4,19;26;62;89;8;43;4;45;71;21;29;96;31;3;0;0;34;43;64;27
KC2R,60;85;39;77;17;34;66;11;81;38;98;0;2;61;23;28;41;63;52;34
RUTU,67;92;7;65;10;8;21;2;60;29;44;30;94;58;95;27;29;26;80;85
GVCF,80;0;60;99;77;96;22;52;90;65;6;59;29;69;84;88;9;27;20;20
OVOG,14;81;23;21;23;94;70;99;70;56;58;40;94;77;45;67;78;49;19;81
JMH8,67;80;80;16;74;88;28;40;99;78;42;6;65;5;11;97;49;23;75;8
P0SD,13;93;72;77;67;83;57;78;66;75;22;31;39;34;13;61;1;56;55;58
TQ7O,62;45;25;79;83;98;57;37;58;20;76;76;8;88;55;15;56;10;92;76
NIDR,9;33;70;54;14;37;94;46;87;43;57;96;93;62;6;59;97;76;11;14
Z2UN,39;88;91;56;97;3;49;60;3;32;21;3;94;69;84;84;80;6;9;80
LDDB,72;86;22;19;81;98;53;48;56;47;1;58;79;70;95;63;84;79;31;55
O1IN,47;69;1;2;29;4;49;21;89;11;56;85;10;98;38;60;58;19;62;82
RR7G,11;87;71;96;53;72;87;94;92;25;36;29;79;42;64;62;88;16;15;95
IQAB,17;97;42;52;53;85;6;41;45;86;78;25;45;21;3;24;35;72;5;39
NILB,93;79;97;71;79;51;65;33;81;65;12;31;83;73;34;22;49;80;82;23
M2Y9,93;87;26;86;45;51;26;10;75;17;79;4;90;0;51;24;35;51;65;77
HDY9,38;77;39;50;18;10;21;90;64;91;14;50;13;64;36;4;49;97;24;63
V49T,99;30;17;29;41;40;79;97;35;41;74;59;87;30;25;6;78;74;96;15
DFBV,51;45;32;33;43;21;24;43;14;26;37;53;40;27;34;44;19;40;55;56
A2U2,42;69;14;67;14;88;82;21;0;89;46;2;79;28;75;24;59;96;97;96
Q1UX,90;3;49;15;8;8;78;58;48;21;71;64;93;62;87;95;25;66;10;34
WW4S,93;67;58;55;46;0;22;70;80;26;6;4;41;10;33;9;46;88;22;44
H2T1,43;89;76;96;61;88;19;19;17;31;41;86;94;60;15;77;76;8;76;42
LVUG,30;96;14;50;56;90;91;97;76;80;15;91;48;94;26;78;23;26;38;40
NCIW,89;42;95;91;27;53;35;95;49;81;34;22;21;61;68;52;13;49;91;54
JEQE,73;71;60;9;22;54;27;7;27;13;77;15;0;3;91;84;27;56;67;85
TED6,98;52;54;20;65;5;73;48;5;33;83;5;17;60;30;54;61;9;18;56
CJ7B,8;62;35;89;22;66;1;68;34;95;42;27;45;94;22;20;62;13;67;63
BF9L,92;86;81;77;38;40;50;3;34;3;75;10;60;93;94;35;18;19;75;25
U0V0,71;46;91;12;55;81;10;48;95;31;57;53;22;99;95;20;84;99;72;33
C2ZJ,21;85;30;38;65;39;76;74;39;64;71;89;64;72;81;94;32;72;2;45
F2YI,36;62;84;10;38;25;12;9;12;13;98;89;50;2;51;11;30;97;47;47
GG08,63;40;36;90;51;58;66;37;4;70;46;56;81;53;20;45;85;38;42;55
GUT8,77;69;96;12;5;66;39;92;10;23;31;68;88;68;2;76;43;52;94;88
ZE9A,67;48;88;26;28;21;52;32;23;97;31;23;54;34;37;79;46;83;42;54
TB71,25;28;55;84;87;92;41;47;72;90;93;27;68;69;89;88;39;46;63;32
LAYK,79;98;26;99;18;19;98;72;58;94;93;42;66;61;46;19;6;70;59;17
LGDN,49;35;51;69;86;62;9;44;86;59;75;77;23;24;0;10;92;39;30;65
BJWI,34;31;50;8;75;91;84;77;90;15;28;77;48;8;28;52;79;3;94;78
AP8T,0;2;13;4;10;52;19;56;89;85;77;77;74;56;47;69;24;9;96;58
TC6R,80;12;50;59;8;92;87;52;62;59;17;79;39;52;85;99;1;21;70;19
H1MV,42;59;10;1;8;37;10;60;50;52;14;22;57;58;3;80;44;73;82;56
N89S,21;60;25;80;4;92;40;48;84;61;68;92;45;30;69;75;1;93;78;46
QTON,42;10;49;40;35;12;15;4;83;87;90;28;53;30;52;21;62;45;73;12
Z9NH,58;13;43;4;24;28;62;15;27;46;12;71;83;88;52;57;86;20;4;19
Z30R,40;60;0;86;65;64;9;50;62;64;11;15;33;87;9;29;77;83;19;98
ILIN,22;91;32;17;64;72;60;18;26;7;57;79;85;76;55;3;43;46;86;11
IUMZ,91;33;7;4;55;39;83;25;59;55;50;93;47;60;85;59;48;11;4;0
EJY4,3;77;31;60;51;21;66;75;74;91;65;54;92;80;41;31;73;95;77;26
XWP5,93;94;6;12;82;39;11;71;18;16;40;22;15;68;34;12;72;63;66;44
QLS5,9;51;65;33;2;70;95;23;80;42;43;81;29;90;20;87;40;9;70;62
Q6RY,30;82;83;7;75;10;26;21;83;96;30;97;7;78;25;92;64;85;61;79
H56N,10;10;92;97;89;78;25;60;7;45;4;37;83;44;64;9;24;72;40;10
NZU2,48;54;43;61;88;47;48;8;80;15;33;32;55;39;61;76;93;77;9;48
J7EC,90;25;84;28;12;78;25;79;16;23;55;76;61;7;58;45;2;7;5;11
FZ5G,7;48;66;4;14;40;17;40;90;1;1;82;71;26;77;79;95;86;13;96
X9MJ,80;79;39;3;90;82;43;25;15;88;12;50;41;56;18;7;55;46;37;49
P42E,33;78;48;13;7;30;54;21;95;84;1;48;33;1;20;32;27;74;85;27
AP7Z,77;17;12;26;65;21;86;3;70;90;60;85;4;28;1;87;74;23;78;7
BZYC,82;91;72;10;53;32;92;36;96;26;63;52;44;16;21;90;83;1;36;90
EXR0,70;35;32;63;50;4;68;7;66;32;81;84;11;56;49;49;58;81;43;65
E00C,0;4;92;41;11;67;70;70;10;77;10;73;57;34;96;75;30;77;86;19
G8QQ,18;24;4;71;32;57;55;77;60;42;40;57;88;50;29;53;73;31;28;12
A3ZU,62;80;93;44;66;6;7;34;46;94;50;13;93;15;55;45;35;72;23;90
QWOS,14;23;19;82;1;16;50;40;35;11;78;40;40;11;36;32;15;16;62;19
PL2W,95;66;22;34;55;58;8;20;87;17;69;68;44;58;14;16;54;15;8;95
PE93,80;0;2;86;72;20;82;46;47;0;5;37;42;42;67;95;40;52;87;72
Z2Q8,2;28;89;12;76;88;31;62;82;65;43;64;44;14;3;0;25;34;91;51
DQBG,32;21;84;91;60;45;89;15;8;44;86;22;63;60;82;59;80;23;74;95
JRZT,38;22;1;79;13;13;31;13;79;75;82;42;30;80;19;3;32;59;96;52
GQMJ,50;99;60;13;42;85;97;80;72;55;75;5;31;65;31;32;40;39;85;27
N6HK,85;27;36;15;87;4;36;85;67;82;11;86;51;71;74;33;41;74;70;46
VTB5,24;5;93;94;55;95;37;61;89;54;76;45;28;72;94;70;96;87;3;41
OACV,85;56;78;58;89;3;84;98;36;41;30;87;35;86;24;7;58;33;19;44
DHVL,16;53;52;89;58;70;77;98;95;11;96;54;33;90;21;3;18;36;79;8
FT6L,61;63;89;27;22;5;24;89;62;19;78;60;78;97;64;87;36;95;40;34
ZGRC,79;72;92;39;31;23;22;88;14;70;22;88;70;38;0;13;20;44;27;55
F3P8,38;61;52;41;55;31;14;68;45;47;38;35;50;80;49;56;75;28;68;22
XFMC,0;96;37;77;19;7;98;98;45;0;91;32;61;97;9;58;63;33;65;27
M9JW,67;73;70;54;66;82;62;57;48;51;33;20;58;18;15;111;63;17;1;54
N3DZ,87;92;18;88;18;73;9;97;87;2;88;3;45;39;97;25;93;83;37;38
VQLJ,80;21;20;77;28;12;51;30;34;82;54;60;21;8;20;78;90;52;72;79
SR03,47;64;48;20;94;82;22;99;2;40;43;85;98;89;74;16;9;6;20;76
YU83,13;17;24;96;7;63;64;10;34;61;13;2;56;55;57;78;57;94;19;50
JIIT,88;25;65;93;42;4;85;28;56;20;10;91;99;85;7;89;67;7;29;16
IWBY,96;89;41;71;83;31;46;41;19;41;68;52;30;71;7;89;71;73;2;82
FENV,24;38;31;36;35;77;54;45;55;30;19;24;68;69;51;16;54;64;45;38
SNNR,85;30;35;60;95;98;14;42;36;68;11;43;69;23;75;41;14;22;89;28
VBNN,26;49;41;72;74;83;3;6;57;67;69;26;0;3;43;4;21;44;52;3
Z8AW,3;74;1;26;49;44;91;46;40;50;73;50;97;70;58;60;90;77;21;16
KIGA,81;16;46;16;24;91;29;88;83;69;48;84;43;24;66;67;34;43;74;45
R3ZN,99;52;60;43;17;15;18;80;25;18;19;93;11;56;87;37;40;8;27;85
S9QD,84;61;44;68;75;19;75;14;11;36;84;54;0;78;83;72;98;46;77;97
L6BG,32;8;46;32;83;65;56;76;95;33;32;33;87;37;83;72;55;47;18;13
U64N,10;36;58;87;88;18;19;26;29;93;79;94;1;52;32;64;5;87;85;85
Y4D0,87;4;93;66;78;51;67;23;72;56;32;15;11;30;88;62;96;84;12;45
QCU0,45;40;33;3;95;32;72;45;81;23;30;99;1;54;42;97;7;63;38;20
HTDS,77;96;24;10;10;41;54;82;61;96;29;61;53;57;62;36;46;14;59;76
TKYQ,17;25;41;70;58;64;51;57;85;81;84;89;41;31;59;63;90;25;6;32
CL3T,63;53;77;46;84;97;3;10;64;92;42;18;13;25;82;51;63;29;20;53
QWXB,3;74;61;4;4;92;46;1;54;6;5;65;11;20;14;1;88;90;81;0
WCW0,56;66;65;84;90;84;70;48;72;2;0;78;31;95;75;81;50;58;25;83
SNPX,52;67;51;50;90;42;36;54;71;35;55;9;4;20;31;73;28;19;17;47
OSR6,83;29;35;45;87;44;37;82;38;42;47;15;51;18;37;89;53;9;65;10
TEMW,32;86;40;59;51;91;37;70;80;90;17;18;59;89;57;5;94;27;68;72
WAWF,97;58;77;30;9;3;12;64;76;91;58;90;4;52;65;67;53;5;28;62
M8SC,10;24;46;25;23;78;40;86;57;40;96;26;46;49;32;24;4;21;18;28
QNHD,97;93;12;16;90;32;84;77;33;77;89;53;97;41;40;15;56;28;24;98
RO4R,53;44;45;49;35;59;28;87;25;12;37;22;19;83;52;86;78;89;84;81
PT3N,27;75;68;95;34;48;64;26;86;91;57;49;90;72;80;41;43;70;6;50
X1M7,97;14;63;68;29;67;88;76;73;74;49;92;1;34;4;41;18;54;70;75
KFQK,38;78;75;77;29;3;4;95;39;34;24;53;91;78;47;23;47;62;29;75
ZQLT,29;79;20;5;27;26;0;53;38;76;5;23;87;9;71;90;37;52;32;88
YF58,28;79;9;21;40;53;58;50;83;11;67;68;97;22;22;98;58;67;38;87
PC98,69;94;43;41;11;48;47;55;23;89;10;91;59;66;71;91;96;34;60;28
U0JE,55;51;53;58;34;22;3;55;90;74;9;26;63;42;19;72;12;86;42;18
O9QA,62;44;15;56;93;81;21;96;91;46;52;80;89;0;69;38;35;53;59;67
BNTC,83;30;54;71;68;3;9;29;2;32;34;81;18;14;63;61;52;56;79;88
WYBM,46;93;98;49;77;34;55;14;54;10;14;44;10;17;66;66;98;41;79;51
JBLT,92;86;88;48;9;21;92;14;15;80;83;15;1;71;43;82;72;52;25;71
VY7F,74;90;31;14;47;31;30;25;90;83;35;21;89;67;83;61;60;7;43;93
S3BK,59;61;61;25;39;96;79;60;88;10;49;53;68;85;28;51;99;16;78;30
K8J7,94;49;14;57;45;96;91;81;99;15;96;61;64;57;34;77;38;68;55;17
MSIW,61;14;84;12;19;22;58;18;58;96;69;45;81;36;19;66;28;12;32;82
NJGT,79;3;33;40;68;29;34;33;46;25;54;55;62;71;14;59;74;29;69;59
PW9U,42;93;71;11;90;42;57;45;67;9;26;38;53;88;44;77;60;79;55;98
WVU8,76;1;0;92;27;83;93;75;15;56;55;69;89;38;17;57;72;43;67;68
H6BX,41;80;49;41;30;19;55;30;6;52;90;29;90;4;86;33;55;4;87;72
P8TM,58;86;79;97;43;21;49;91;1;0;99;22;33;31;52;44;90;46;94;92
VTUG,12;84;5;73;54;36;17;19;28;42;8;60;58;55;25;99;97;75;60;82
IKGI,7;43;38;65;19;42;20;73;63;89;56;52;60;75;10;95;83;13;71;44
CYH3,89;0;51;11;42;59;88;9;6;25;42;38;14;91;6;87;16;83;40;45
X4NA,11;71;51;88;13;87;64;61;93;4;25;69;56;88;58;15;9;60;9;30
BU0Q,83;94;24;53;97;41;37;27;31;11;57;96;7;53;16;60;57;19;56;9
OGM9,6;11;67;38;38;18;95;53;59;23;19;23;29;36;97;92;47;79;89;45
HPOF,44;62;95;53;88;93;83;61;24;82;38;38;12;88;57;2;5;95;23;97
PO0K,74;12;39;78;47;79;7;30;96;11;26;44;2;95;18;89;45;16;89;16
YMIV,46;73;89;87;33;19;31;41;51;21;32;72;63;60;47;69;94;63;5;7
IQ2W,89;10;12;88;27;38;18;13;37;84;90;48;50;18;0;81;41;48;96;84
XQ2A,55;19;98;15;7;45;3;41;35;23;95;96;64;30;70;72;51;99;82;83
SUHC,75;96;94;68;52;57;76;58;0;84;86;10;89;4;55;2;71;65;47;48
J5LR,71;0;78;64;86;65;26;8;99;13;20;16;68;9;38;65;75;50;78;12
P3FN,70;89;56;32;25;40;96;33;84;60;74;89;31;78;52;23;95;71;67;81
G0SY,75;97;48;47;77;72;70;27;43;47;96;28;89;55;53;0;0;0;64;37
Q6ZY,31;69;6;1;72;25;83;78;39;91;56;94;85;78;89;19;56;54;67;19
OY8I,28;39;34;49;41;44;31;23;55;45;48;47;50;46;34;27;36;45;37;25
PAGO,94;3;74;28;17;91;18;72;7;5;67;99;40;59;17;23;60;65;64;81
KPW0,26;0;25;70;47;77;80;2;96;10;42;65;45;62;74;42;95;83;82;91
WHXZ,80;32;94;96;57;49;39;2;54;60;5;31;19;13;38;59;17;55;20;53
ALXQ,16;63;46;70;14;67;77;64;30;35;6;65;8;21;39;42;0;79;15;93
SO1K,13;88;95;90;22;37;81;23;9;70;61;29;31;15;12;55;92;81;80;2
RZ6X,35;29;41;64;56;17;57;4;66;33;27;40;36;1;25;2;49;57;97;42
C174,45;22;54;65;27;45;0;38;38;25;55;93;58;82;42;28;52;47;86;0
B4RG,75;40;11;53;60;45;23;12;5;12;26;21;41;43;0;43;58;16;51;28
IGZC,5;38;62;75;14;62;60;25;60;8;39;24;61;52;17;36;21;44;4;80
DDCL,68;23;49;42;67;90;7;88;58;74;28;62;44;98;19;99;13;88;13;19
O37D,83;76;1;1;8;32;38;53;46;80;83;28;80;77;51;56;5;8;50;22
A693,26;36;74;96;29;6;46;91;36;23;88;19;35;24;52;19;71;82;13;89
R23X,26;39;46;61;49;1;0;16;81;16;83;13;80;16;21;19;69;45;83;43
F8G7,41;17;50;2;41;76;80;94;73;87;57;79;62;26;67;10;77;60;61;60
WLF2,79;72;95;67;30;12;94;51;88;97;44;68;19;55;76;37;98;36;66;36
KAJO,72;8;21;7;22;39;76;45;57;65;9;88;2;6;47;65;15;69;88;23
DA8R,94;42;74;2;12;75;36;66;72;4;99;46;42;16;3;84;9;75;29;17
RD1L,42;86;87;24;63;30;45;40;1;65;77;93;18;14;81;34;58;95;98;79
OTEL,62;81;53;11;92;96;66;70;98;13;32;77;55;32;44;70;43;48;70;9
L29I,32;26;44;28;12;58;53;67;22;37;76;75;67;45;44;31;61;47;20;85
V39U,68;61;47;88;48;26;7;25;18;49;92;55;51;17;7;30;26;66;92;49
C90A,93;84;89;54;43;85;77;25;29;13;77;89;12;0;16;23;64;49;53;13
PAJL,75;77;64;97;19;65;0;5;61;61;26;35;26;62;54;32;79;80;63;4
RUXG,57;55;26;83;79;62;80;71;8;78;86;5;67;62;62;21;4;65;33;96
QH9W,91;49;51;55;6;24;17;75;87;59;69;98;29;49;79;21;81;30;40;94
F4JD,35;99;54;23;71;31;36;39;6;64;26;73;92;76;48;70;56;74;68;18
ZUZB,21;30;98;66;13;12;13;54;76;92;4;44;17;58;79;99;29;71;40;88
L5EQ,31;84;74;14;49;22;22;38;95;30;3;31;3;6;86;86;10;80;9;17
CV9P,72;11;81;86;88;6;25;0;82;20;2;61;79;42;51;86;55;22;32;50
HM59,71;28;9;47;60;43;94;75;56;99;9;63;4;31;34;75;56;72;46;80
N5KX,73;55;84;42;83;74;94;58;0;14;28;7;26;8;2;62;17;86;14;53
QCK1,28;42;82;57;39;27;6;27;54;63;47;62;22;57;29;5;84;85;34;97
B9WQ,76;31;36;24;39;59;48;37;76;2;61;72;29;98;46;30;35;19;91;58
K37M,42;94;48;87;86;35;45;75;54;34;19;12;96;68;76;30;76;25;44;82
U0UA,45;26;71;45;25;15;26;54;65;52;55;1;35;78;74;29;65;23;31;80
EHNE,46;59;92;98;98;57;73;91;31;24;64;27;88;3;14;51;10;57;88;5
LCOO,27;9;3;71;47;46;7;48;89;45;44;71;31;21;7;18;86;31;63;92
I47C,16;66;92;73;14;98;13;53;25;93;97;80;99;24;24;97;58;73;44;23
Q4V2,14;86;54;5;59;25;58;19;86;99;8;28;11;52;9;91;2;34;51;26
FRHO,74;31;28;6;23;8;22;17;77;29;48;99;24;20;14;69;97;14;92;64
TWO7,27;80;21;76;92;18;80;19;42;75;11;93;91;1;6;56;23;68;74;85
SQTX,80;43;70;29;27;57;78;49;54;65;75;60;19;20;73;65;20;24;50;28
SNW8,5;1;6;66;81;71;76;85;49;56;84;25;45;84;65;59;0;52;6;53
D2PA,7;67;26;94;92;98;65;28;7;28;77;45;49;9;21;18;98;68;63;28
JJTC,25;59;48;17;89;99;82;94;91;25;74;18;86;3;12;86;1;73;5;44
JS7L,38;89;68;84;59;10;65;74;77;21;73;46;85;87;84;88;83;73;60;58
HXWN,37;75;12;71;13;69;58;23;69;83;83;36;32;98;66;46;23;9;38;63
MDEJ,52;4;71;56;29;22;17;60;27;49;15;85;85;74;27;87;38;98;6;28
KNP5,3;77;55;60;17;33;72;43;46;71;5;90;15;74;24;36;15;0;68;91
EVK8,46;18;91;52;98;82;39;68;74;30;28;74;81;46;67;91;1;76;34;51
K20D,22;49;19;25;61;71;93;0;36;73;28;62;58;55;2;83;89;32;39;37
T8DT,43;12;93;64;90;22;21;99;9;61;18;18;83;9;11;28;19;15;21;12
T7RO,18;63;11;16;43;27;72;56;76;13;49;40;47;40;48;33;52;5;14;17
DWIK,5;49;40;4;93;23;38;25;37;40;46;21;47;84;76;12;31;90;62;13
R0WZ,89;87;13;30;87;58;32;20;75;6;39;29;61;13;67;75;48;40;45;96
AGPK,82;3;31;27;44;67;22;57;8;47;47;44;26;42;7;57;66;76;44;89
IXCA,28;96;43;86;16;87;91;54;62;41;71;58;95;49;75;92;16;19;62;90
PH9H,19;44;22;34;35;87;92;65;1;71;51;47;93;93;54;70;5;97;34;11
PW1R,75;50;53;51;33;32;28;43;36;39;7;19;47;48;74;19;23;29;43;71
O5Q9,86;33;1;56;95;27;90;27;40;56;88;75;82;20;97;25;61;45;65;65
XMJA,76;42;70;43;63;85;23;0;95;51;1;98;2;45;37;19;28;7;71;27
Y7RO,94;55;91;9;13;63;21;53;15;48;70;30;60;66;55;53;75;46;91;87
ZJPK,49;27;83;39;54;82;38;84;57;26;98;64;89;60;15;75;23;81;95;23
EQ2W,69;17;30;58;53;57;36;81;29;42;10;26;80;55;67;42;34;9;11;14
MOOR,52;6;23;38;98;10;82;27;90;4;0;83;61;88;63;48;25;63;94;71
KB6G,91;26;8;86;83;35;76;43;49;23;69;23;31;66;73;49;27;33;88;66
GPUE,7;1;26;56;32;53;57;96;51;19;39;72;63;58;39;4;89;50;11;27
NRJT,3;97;30;3;25;31;11;30;4;20;50;26;11;81;22;1;52;60;98;72
UZUA,23;40;52;1;50;70;32;14;66;98;42;77;46;33;91;81;98;56;79;82
DXNT,93;50;15;1;26;56;94;67;61;69;93;8;68;62;42;3;7;74;15;8
QA56,0;98;53;3;5;98;9;19;27;52;49;82;4;1;25;91;90;53;86;99
Q9UU,94;77;15;78;90;10;30;85;30;62;3;97;46;0;71;41;68;99;3;14
HIV1,49;37;33;64;60;55;60;72;58;18;73;37;29;49;15;52;23;55;41;54
ZNSR,83;60;45;19;44;66;80;22;14;81;6;66;85;59;3;44;63;28;36;33
J3YV,16;78;17;35;20;92;99;87;9;0;9;62;85;18;45;31;30;88;98;64
JQYE,9;19;56;52;32;41;84;0;5;6;24;56;89;43;68;31;89;31;46;25
FL8A,61;8;33;30;38;63;23;20;86;54;88;74;64;4;38;46;86;94;47;65
PVQP,79;56;25;7;82;42;23;10;92;99;7;22;8;69;57;2;63;25;98;0
BJ4X,55;95;96;0;49;12;65;1;51;68;71;98;42;85;96;14;26;47;93;33
EXH5,28;76;26;8;82;79;82;14;97;67;86;22;0;60;43;96;57;60;99;32
XQBT,91;54;98;9;13;23;21;96;65;89;33;32;78;92;16;36;50;75;61;90
DGD3,50;63;47;27;43;61;21;32;63;57;13;46;37;61;64;22;33;40;54;45
RX7L,38;97;96;2;84;43;36;88;72;81;60;93;48;41;6;19;86;95;60;2
XWRK,66;55;92;15;36;48;5;69;63;91;10;32;81;74;35;80;9;81;96;97
Y6CB,64;80;32;23;12;59;95;3;85;42;85;80;45;19;85;45;20;76;53;24
C62K,12;82;19;28;55;37;19;28;9;49;86;19;12;41;88;0;84;65;55;1
I69K,54;21;67;18;52;76;43;60;68;57;38;42;63;54;6;71;39;28;5;67
OGO6,62;85;1;85;35;23;66;18;46;94;50;0;17;57;54;85;81;41;86;75
NTRL,68;6;41;19;44;2;84;3;91;67;3;52;76;89;58;33;53;2;51;49
E0H9,68;65;44;6;77;89;45;11;40;42;12;97;84;15;99;21;74;51;3;58
E18A,65;19;74;2;74;70;50;94;56;50;61;33;68;5;46;61;9;16;45;76
AIHR,16;67;62;87;9;46;18;55;13;88;28;50;20;25;44;12;47;60;34;40
NKDB,10;30;27;71;85;43;80;14;21;9;9;63;14;82;60;11;49;26;36;5
KXII,68;68;91;61;27;16;42;71;65;21;35;27;96;56;66;35;75;3;68;20
X80Q,73;7;31;20;51;81;45;57;62;27;13;5;63;63;37;85;97;73;92;85
U014,59;78;93;32;41;81;90;8;61;73;81;69;89;80;48;15;27;54;35;55
L9U9,80;29;19;80;38;58;93;9;21;44;32;74;94;34;78;18;97;23;67;71
AZAZ,86;35;35;29;17;25;42;9;45;31;67;81;48;3;73;48;18;48;18;70
GTM4,2;49;83;78;18;32;78;54;37;34;76;41;7;89;37;53;73;45;72;76
VTBW,65;65;17;46;63;14;84;4;9;75;18;23;46;33;82;11;8;7;25;1
FE12,20;8;91;65;71;16;95;62;93;48;7;64;23;58;83;23;5;6;57;11
KMT0,29;34;2;69;91;49;67;16;35;36;43;46;58;86;18;45;42;60;73;61
OG14,5;52;37;8;8;53;37;11;59;10;86;2;74;50;3;64;9;7;94;30
RWKH,5;38;92;80;26;24;43;49;69;56;66;91;7;90;56;71;34;43;45;80
YIUU,17;19;65;11;69;48;16;23;94;51;46;17;14;90;92;93;38;50;38;10
ZQ8L,93;81;87;35;61;56;11;31;37;27;68;13;36;56;19;43;46;78;81;59
V9F7,84;69;96;11;26;10;69;29;99;16;83;32;74;51;89;57;72;29;56;16
LSBD,73;3;74;56;27;68;59;94;37;10;50;71;77;5;4;54;87;71;61;71
GUHX,6;60;67;17;41;41;75;44;84;51;71;1;60;41;85;14;79;52;24;24
SET4,88;96;25;70;20;89;97;21;93;40;35;11;28;59;55;47;71;25;22;91
IE05,36;55;31;54;19;81;96;88;74;52;29;70;70;37;63;12;94;56;28;71
JCBD,87;95;7;85;10;21;97;99;58;12;93;8;8;52;32;80;22;70;54;22
BV55,14;53;96;28;41;36;35;45;19;13;76;23;21;96;19;96;35;93;3;29
N5K0,45;99;31;47;91;58;93;9;3;77;53;48;59;82;88;29;95;69;37;97
J8Q4,81;50;64;32;77;70;50;33;25;35;75;6;61;94;34;94;72;98;60;2
FP4B,28;94;47;53;63;24;12;98;54;58;62;99;77;76;81;29;78;16;30;73
VG5W,65;28;99;76;26;92;77;91;31;12;55;1;3;66;94;99;83;24;6;49
J5KB,47;58;37;74;2;62;32;40;75;81;90;31;35;91;6;67;22;70;40;36
X1E8,66;16;93;17;51;94;28;49;59;97;42;41;75;56;95;98;44;7;47;15
QHF0,77;66;61;83;71;85;60;44;92;25;52;51;55;7;81;89;23;18;13;40
SC8Y,39;99;65;61;98;51;50;30;6;69;74;62;32;65;74;52;13;66;1;32
O7Q8,39;95;62;26;22;33;51;22;21;21;61;1;31;51;83;26;99;67;1;32
LCH9,71;57;29;46;9;10;93;18;73;68;51;78;61;80;13;2;96;7;16;82
PZ5R,40;46;27;83;19;91;96;90;74;6;3;52;43;65;90;97;62;68;6;36
NVMY,54;49;38;54;59;24;27;79;60;36;83;13;59;85;21;28;18;9;87;40
SIGW,53;48;36;61;21;31;40;26;39;11;31;29;22;42;60;39;39;34;53;41
LX4X,18;4;65;8;10;88;72;72;69;98;10;35;91;27;22;6;95;60;52;98
CIKE,54;21;17;78;90;34;42;20;31;36;92;13;69;17;66;49;28;63;62;29
GBG6,52;29;77;89;28;31;74;53;0;67;75;70;22;59;42;94;49;73;3;71
YY5F,99;19;3;63;10;80;23;29;93;43;38;96;96;79;55;60;73;54;2;19
IWZJ,11;63;79;21;22;6;0;4;51;53;84;40;60;63;46;3;26;26;61;35
HLSV,73;16;1;63;56;76;19;76;92;96;17;12;28;58;9;27;91;18;88;48
GJ1T,94;47;4;42;42;54;0;20;18;65;63;83;19;15;14;4;23;10;0;48
ZJZ8,50;21;62;42;29;1;41;98;96;55;49;81;98;62;63;22;34;60;91;77
VQJ4,83;70;19;77;90;50;40;20;97;67;27;30;6;29;96;1;3;97;75;68
GLBB,40;73;86;77;33;80;22;13;57;33;36;66;84;54;58;77;97;51;99;93
LNZN,82;23;18;79;10;3;92;50;50;79;61;33;88;83;98;9;66;28;80;8
GI43,65;16;3;47;11;83;60;60;85;70;77;92;58;29;51;41;23;53;48;83
UJGT,90;3;80;59;52;65;41;53;11;42;23;99;38;9;65;69;84;31;86;81
BIB4,33;91;47;85;78;3;67;96;77;60;83;32;83;54;56;57;81;49;35;56
J4R9,44;85;88;63;95;3;2;49;23;93;33;10;48;56;63;61;27;13;2;51
VB56,41;87;96;63;69;65;96;49;29;74;4;30;22;13;18;64;95;16;21;27
U4MB,47;98;73;28;45;12;28;99;29;74;73;45;58;15;23;94;46;67;90;48
CLDH,78;87;77;98;91;69;64;87;81;39;60;55;82;58;22;54;46;46;40;61
S7XR,19;2;69;72;49;67;63;10;64;9;82;40;78;37;78;46;93;34;36;71
YNR5,6;55;53;23;28;44;78;27;45;44;41;2;39;38;23;38;65;87;29;22
SQYH,58;68;54;56;33;69;12;39;74;19;60;68;42;43;35;89;78;78;51;2
WT3V,21;44;21;94;62;85;4;27;56;95;79;60;46;73;0;68;50;19;30;31
X2RB,95;19;32;20;11;94;55;68;3;79;52;97;32;4;29;73;18;61;67;8
QLMO,76;52;12;95;69;59;49;66;24;90;85;44;17;95;22;37;75;86;24;66
G73E,97;4;4;42;96;36;60;59;23;14;32;5;60;27;39;58;88;65;51;34
XCXR,74;10;27;90;47;12;7;72;81;9;5;34;81;91;61;15;81;35;6;11
BHBV,59;35;7;37;66;15;84;79;5;46;63;69;12;26;43;10;42;30;33;72
RVGH,31;30;31;78;24;50;47;0;64;26;95;25;34;4;28;66;16;20;36;57
ZAIT,80;72;70;34;27;70;35;95;88;6;60;38;74;68;28;79;23;15;16;36
GA8C,23;83;37;93;46;8;3;70;91;91;76;81;89;36;11;79;44;85;7;49
QUOO,22;10;20;41;22;54;25;20;81;79;82;67;48;95;20;78;77;94;85;9
YY2U,78;23;80;39;36;23;52;95;43;59;13;89;48;24;43;38;8;48;98;15
SI3J,36;2;81;96;0;53;77;94;44;52;41;81;67;51;60;33;91;65;89;41
SIY8,69;9;98;68;35;20;66;85;34;31;40;35;36;26;96;24;12;45;99;26
FH4I,80;52;29;23;97;86;89;94;2;51;14;18;73;80;85;2;48;28;15;8
WLYW,70;9;30;61;71;9;95;30;79;38;13;0;20;17;52;85;47;63;36;85
ZGZO,12;70;71;47;2;9;20;55;17;58;30;40;55;74;75;13;16;97;82;59
Q386,34;50;92;5;56;10;79;87;87;48;49;81;60;83;33;98;76;15;16;23
JD7L,94;38;4;25;39;95;97;58;3;49;52;68;58;11;72;99;90;21;16;47
NTIP,93;71;61;73;81;53;9;72;20;91;58;94;49;87;2;21;10;49;3;72
R4KA,88;50;42;91;11;32;92;56;89;76;89;25;19;48;44;44;92;62;34;53
EJK7,76;29;3;67;65;64;54;61;20;89;83;49;20;58;42;97;11;70;42;48
GILO,68;27;44;73;71;84;4;1;34;93;87;45;16;60;43;56;43;45;73;17
DCL0,61;59;78;42;96;28;7;67;59;86;38;69;14;97;91;81;62;98;24;66
D1QG,0;220;0;0;1;0;186;301;0;168;0;0;0;137;415;307;0;310;468;0
E9P8,57;89;31;3;62;66;82;19;59;10;41;95;93;72;15;69;91;43;20;39
STDB,2;58;17;49;67;52;75;17;24;58;34;98;87;37;36;58;36;18;82;13
DH39,71;33;15;26;17;17;55;65;13;22;42;98;43;61;71;27;74;24;24;31
ZNZ1,39;58;67;65;61;91;7;68;68;91;42;8;74;57;14;31;6;93;8;56
XH5O,16;42;9;61;69;0;67;19;90;26;7;85;73;99;40;72;24;52;5;91
E0CO,49;22;33;15;75;91;17;73;17;66;7;36;2;10;93;54;60;55;44;82
EUHF,37;4;86;0;72;12;38;45;84;6;74;37;62;88;93;10;18;9;3;57
HG6M,61;21;27;25;92;81;64;95;75;93;41;20;33;42;52;55;47;71;52;70
FSY9,51;33;1;58;75;97;85;25;45;35;67;69;7;96;7;19;23;70;24;31
XS2S,64;89;92;82;82;13;64;89;81;49;50;68;99;32;14;80;61;31;30;77
KOKX,36;51;95;13;14;13;94;70;60;76;73;83;98;78;37;3;48;60;6;92
NFP1,35;21;21;90;60;25;54;99;42;77;66;31;77;98;92;72;29;89;33;91
NKZ9,63;67;83;4;68;86;7;20;73;35;14;7;55;85;71;52;9;10;70;12
VHYZ,13;68;51;81;0;18;89;89;51;39;88;51;75;51;39;38;67;54;77;25
